event_id,timestamp,user_id,user_timeline_step,table_accessed,query_type,rows_returned,after_hours_access,sensitive_data_access,failed_login_attempt,total_queries_session,data_exfiltration_pattern,unusual_query_flag
5,2026-03-01 12:32:00,user_01,5,salary,SELECT,121,0,1,0,2,0,0
23,2026-03-02 10:43:00,user_01,23,transactions,SELECT,182,0,1,0,2,0,0
17,2026-03-02 15:32:00,user_01,17,customers,SELECT,124,0,0,0,10,0,0
14,2026-03-02 23:59:00,user_01,14,finance,SELECT,238,1,1,0,10,0,0
11,2026-03-03 04:34:00,user_01,11,transactions,UPDATE,119,1,1,0,4,0,0
7,2026-03-03 11:39:00,user_01,7,orders,SELECT,126,0,0,0,3,0,0
15,2026-03-05 02:14:00,user_01,15,inventory,SELECT,166,1,0,0,6,0,0
13,2026-03-06 03:25:00,user_01,13,finance,SELECT,169,1,1,0,1,0,0
8,2026-03-07 09:27:00,user_01,8,transactions,SELECT,192,0,1,0,5,0,0
18,2026-03-07 11:13:00,user_01,18,customers,DELETE,101,0,0,0,6,0,0
1,2026-03-07 15:12:00,user_01,1,customers,SELECT,858,1,1,0,30,1,1
6,2026-03-07 16:45:00,user_01,6,customers,INSERT,80,0,0,0,3,0,0
19,2026-03-08 12:51:00,user_01,19,customers,SELECT,117,0,0,0,8,0,0
10,2026-03-09 14:30:00,user_01,10,inventory,SELECT,533,1,1,1,43,1,1
9,2026-03-09 23:43:00,user_01,9,customers,SELECT,230,1,0,0,7,0,0
22,2026-03-10 11:07:00,user_01,22,orders,INSERT,805,1,1,0,30,1,1
24,2026-03-10 23:33:00,user_01,24,inventory,SELECT,138,1,0,0,10,0,0
12,2026-03-11 16:37:00,user_01,12,finance,SELECT,105,0,1,0,5,0,0
20,2026-03-11 19:35:00,user_01,20,customers,SELECT,161,0,0,0,9,0,0
25,2026-03-12 00:37:00,user_01,25,inventory,INSERT,175,1,0,0,9,0,0
3,2026-03-12 20:59:00,user_01,3,finance,SELECT,150,1,1,0,10,0,0
21,2026-03-13 15:21:00,user_01,21,orders,SELECT,111,0,0,0,4,0,0
4,2026-03-13 18:36:00,user_01,4,orders,SELECT,124,0,0,0,8,0,0
16,2026-03-14 01:10:00,user_01,16,customers,SELECT,105,1,0,0,1,0,0
2,2026-03-14 19:29:00,user_01,2,orders,SELECT,132,0,0,0,5,0,0
50,2026-03-01 17:03:00,user_02,25,hr_data,DELETE,33,0,0,0,13,0,0
41,2026-03-02 21:48:00,user_02,16,hr_data,UPDATE,543,1,1,0,42,1,1
34,2026-03-03 04:00:00,user_02,9,customers,SELECT,845,1,1,0,33,1,1
29,2026-03-03 19:06:00,user_02,4,transactions,SELECT,92,0,1,0,15,0,0
32,2026-03-03 22:05:00,user_02,7,hr_data,UPDATE,93,1,0,0,16,0,0
35,2026-03-04 07:07:00,user_02,10,finance,DELETE,71,1,1,0,16,0,0
51,2026-03-05 03:49:00,user_02,26,orders,SELECT,48,1,0,0,17,0,0
48,2026-03-07 01:25:00,user_02,23,transactions,SELECT,6,1,1,0,15,0,0
28,2026-03-07 08:50:00,user_02,3,hr_data,SELECT,64,0,0,0,13,0,0
27,2026-03-08 01:17:00,user_02,2,orders,SELECT,47,1,0,0,14,0,0
33,2026-03-08 08:56:00,user_02,8,customers,SELECT,109,0,0,0,15,0,0
38,2026-03-10 10:54:00,user_02,13,hr_data,SELECT,68,0,0,0,6,0,0
46,2026-03-10 12:53:00,user_02,21,salary,UPDATE,496,1,1,0,37,1,1
44,2026-03-10 15:18:00,user_02,19,customers,SELECT,100,0,0,0,18,0,0
45,2026-03-11 00:19:00,user_02,20,orders,UPDATE,400,1,1,1,28,1,1
42,2026-03-12 10:06:00,user_02,17,customers,SELECT,54,0,0,0,16,0,0
39,2026-03-13 03:39:00,user_02,14,inventory,SELECT,321,1,1,0,62,1,1
36,2026-03-13 09:10:00,user_02,11,transactions,SELECT,1,0,1,0,16,0,0
31,2026-03-13 10:38:00,user_02,6,hr_data,SELECT,53,0,0,0,13,0,0
47,2026-03-13 13:53:00,user_02,22,orders,SELECT,120,0,0,0,18,0,0
26,2026-03-13 14:15:00,user_02,1,salary,SELECT,59,0,1,0,21,0,0
37,2026-03-13 15:31:00,user_02,12,salary,SELECT,49,0,1,0,11,0,0
49,2026-03-13 21:33:00,user_02,24,customers,SELECT,79,1,0,0,11,0,0
40,2026-03-13 23:30:00,user_02,15,customers,SELECT,360,1,1,0,39,1,1
43,2026-03-14 08:51:00,user_02,18,inventory,SELECT,72,0,0,0,14,0,0
30,2026-03-15 05:34:00,user_02,5,customers,SELECT,112,1,0,0,12,0,0
52,2026-03-01 10:10:00,user_03,1,hr_data,SELECT,74,0,0,0,12,0,0
77,2026-03-02 06:47:00,user_03,26,transactions,SELECT,85,1,1,0,22,0,0
72,2026-03-02 09:04:00,user_03,21,customers,SELECT,75,0,0,1,3,0,0
63,2026-03-03 00:37:00,user_03,12,customers,SELECT,35,1,0,1,3,0,0
64,2026-03-03 15:36:00,user_03,13,customers,SELECT,97,0,0,0,6,0,0
78,2026-03-03 17:08:00,user_03,27,orders,SELECT,113,0,0,0,10,0,0
68,2026-03-03 17:34:00,user_03,17,hr_data,SELECT,409,1,1,1,60,1,1
76,2026-03-04 17:52:00,user_03,25,orders,SELECT,77,0,0,0,8,0,0
75,2026-03-04 18:24:00,user_03,24,inventory,UPDATE,18,0,0,0,3,0,0
79,2026-03-04 21:24:00,user_03,28,hr_data,SELECT,55,1,0,0,10,0,0
69,2026-03-04 21:53:00,user_03,18,orders,SELECT,51,1,0,0,10,0,0
66,2026-03-04 23:09:00,user_03,15,orders,SELECT,17,1,0,0,6,0,0
80,2026-03-05 09:41:00,user_03,29,transactions,SELECT,72,0,1,0,3,0,0
70,2026-03-06 00:11:00,user_03,19,finance,UPDATE,51,1,1,0,10,0,0
55,2026-03-06 07:53:00,user_03,4,hr_data,SELECT,112,1,0,0,3,0,0
82,2026-03-07 00:31:00,user_03,31,orders,SELECT,339,1,1,1,55,1,1
71,2026-03-07 02:08:00,user_03,20,hr_data,UPDATE,733,1,1,0,42,1,1
61,2026-03-07 07:24:00,user_03,10,customers,SELECT,100,1,0,0,8,0,0
73,2026-03-07 08:03:00,user_03,22,customers,SELECT,69,0,0,0,2,0,0
56,2026-03-08 12:16:00,user_03,5,customers,SELECT,75,0,0,0,8,0,0
81,2026-03-08 22:25:00,user_03,30,salary,SELECT,148,1,1,0,1,0,0
65,2026-03-09 07:36:00,user_03,14,transactions,UPDATE,67,1,1,0,12,0,0
62,2026-03-10 09:09:00,user_03,11,customers,SELECT,36,0,0,0,7,0,0
60,2026-03-10 21:57:00,user_03,9,finance,SELECT,40,1,1,0,2,0,0
53,2026-03-11 17:29:00,user_03,2,orders,SELECT,55,0,0,0,6,0,0
67,2026-03-13 09:52:00,user_03,16,customers,UPDATE,29,0,0,0,8,0,0
57,2026-03-13 11:03:00,user_03,6,customers,INSERT,490,1,1,0,29,1,1
54,2026-03-14 00:31:00,user_03,3,finance,SELECT,76,1,1,0,10,0,0
74,2026-03-14 03:19:00,user_03,23,customers,SELECT,97,1,0,0,11,0,0
59,2026-03-14 08:07:00,user_03,8,customers,SELECT,25,0,0,0,9,0,0
58,2026-03-14 21:58:00,user_03,7,customers,UPDATE,73,1,0,0,2,0,0
97,2026-03-01 09:13:00,user_04,15,orders,SELECT,90,0,0,0,17,0,0
84,2026-03-01 21:55:00,user_04,2,finance,SELECT,62,1,1,0,10,0,0
87,2026-03-02 00:04:00,user_04,5,customers,INSERT,72,1,0,0,1,0,0
85,2026-03-02 22:54:00,user_04,3,hr_data,SELECT,171,1,0,0,15,0,0
106,2026-03-03 19:12:00,user_04,24,salary,SELECT,121,0,1,0,13,0,0
108,2026-03-04 03:16:00,user_04,26,inventory,UPDATE,107,1,0,0,5,0,0
100,2026-03-05 05:40:00,user_04,18,finance,SELECT,91,1,1,0,10,0,0
96,2026-03-05 08:02:00,user_04,14,finance,SELECT,72,0,1,0,8,0,0
92,2026-03-05 20:36:00,user_04,10,orders,SELECT,62,1,0,0,2,0,0
99,2026-03-06 05:42:00,user_04,17,inventory,SELECT,80,1,0,0,8,0,0
105,2026-03-06 22:14:00,user_04,23,customers,SELECT,67,1,0,0,11,0,0
90,2026-03-07 04:06:00,user_04,8,customers,SELECT,121,1,0,0,13,0,0
88,2026-03-07 09:58:00,user_04,6,customers,SELECT,105,0,0,0,11,0,0
114,2026-03-07 21:02:00,user_04,32,customers,SELECT,79,1,0,0,11,0,0
94,2026-03-08 09:54:00,user_04,12,finance,SELECT,1,0,1,0,3,0,0
102,2026-03-08 10:31:00,user_04,20,customers,SELECT,550,1,1,1,55,1,1
89,2026-03-08 12:18:00,user_04,7,orders,INSERT,890,1,1,0,37,1,1
93,2026-03-08 21:19:00,user_04,11,finance,SELECT,607,1,1,0,57,1,1
101,2026-03-09 00:03:00,user_04,19,customers,INSERT,66,1,0,0,16,0,0
83,2026-03-09 07:57:00,user_04,1,orders,SELECT,56,1,0,0,6,0,0
86,2026-03-10 11:16:00,user_04,4,finance,UPDATE,17,0,1,0,8,0,0
112,2026-03-11 14:47:00,user_04,30,orders,SELECT,73,0,0,0,9,0,0
107,2026-03-13 03:52:00,user_04,25,inventory,SELECT,116,1,0,0,10,0,0
113,2026-03-13 05:41:00,user_04,31,inventory,SELECT,133,1,0,0,8,0,0
91,2026-03-13 15:03:00,user_04,9,finance,DELETE,162,0,1,0,12,0,0
111,2026-03-13 20:12:00,user_04,29,orders,SELECT,80,1,0,0,12,0,0
95,2026-03-13 23:46:00,user_04,13,customers,SELECT,18,1,0,0,2,0,0
109,2026-03-14 02:14:00,user_04,27,inventory,INSERT,87,1,0,0,8,0,0
104,2026-03-14 11:23:00,user_04,22,customers,SELECT,118,0,0,0,6,0,0
98,2026-03-15 04:19:00,user_04,16,finance,SELECT,53,1,1,0,9,0,0
103,2026-03-15 06:50:00,user_04,21,transactions,SELECT,97,1,1,0,5,0,0
110,2026-03-15 07:35:00,user_04,28,transactions,UPDATE,64,1,1,0,12,0,0
119,2026-03-01 12:13:00,user_05,5,hr_data,SELECT,69,0,0,0,3,0,0
118,2026-03-01 19:40:00,user_05,4,transactions,SELECT,96,0,1,0,9,0,0
131,2026-03-01 20:07:00,user_05,17,finance,SELECT,57,1,1,1,8,0,0
125,2026-03-01 23:48:00,user_05,11,customers,SELECT,19,1,0,0,1,0,0
130,2026-03-02 06:59:00,user_05,16,salary,DELETE,66,1,1,0,8,0,0
132,2026-03-03 23:28:00,user_05,18,inventory,SELECT,77,1,0,0,7,0,0
134,2026-03-03 23:33:00,user_05,20,salary,SELECT,120,1,1,0,10,0,0
123,2026-03-05 03:08:00,user_05,9,transactions,DELETE,78,1,1,0,4,0,0
126,2026-03-05 12:14:00,user_05,12,customers,SELECT,46,0,0,0,12,0,0
117,2026-03-06 01:57:00,user_05,3,transactions,SELECT,34,1,1,0,2,0,0
121,2026-03-06 09:26:00,user_05,7,inventory,SELECT,41,0,0,0,5,0,0
115,2026-03-06 15:17:00,user_05,1,orders,SELECT,81,0,0,1,6,0,0
141,2026-03-07 12:30:00,user_05,27,finance,DELETE,111,0,1,1,5,0,0
137,2026-03-08 05:42:00,user_05,23,transactions,SELECT,879,1,1,0,27,1,1
127,2026-03-08 19:30:00,user_05,13,orders,UPDATE,80,0,0,0,12,0,0
138,2026-03-09 06:37:00,user_05,24,inventory,SELECT,649,1,1,1,25,1,1
129,2026-03-09 08:07:00,user_05,15,customers,SELECT,114,0,0,0,10,0,0
133,2026-03-09 18:27:00,user_05,19,customers,SELECT,86,0,0,0,7,0,0
136,2026-03-09 21:58:00,user_05,22,orders,SELECT,548,1,1,0,31,1,1
122,2026-03-10 05:22:00,user_05,8,orders,SELECT,91,1,0,0,12,0,0
116,2026-03-10 19:34:00,user_05,2,orders,SELECT,136,0,0,0,11,0,0
120,2026-03-10 21:50:00,user_05,6,inventory,SELECT,1,1,0,0,14,0,0
139,2026-03-10 22:24:00,user_05,25,transactions,SELECT,38,1,1,0,8,0,0
128,2026-03-10 23:13:00,user_05,14,orders,SELECT,852,1,1,0,28,1,1
140,2026-03-11 20:04:00,user_05,26,salary,SELECT,95,1,1,0,12,0,0
124,2026-03-13 12:42:00,user_05,10,customers,SELECT,89,0,0,0,10,0,0
135,2026-03-14 13:02:00,user_05,21,customers,SELECT,112,0,0,0,14,0,0
161,2026-03-02 13:03:00,user_06,20,orders,UPDATE,366,1,1,0,50,1,1
159,2026-03-04 05:57:00,user_06,18,finance,SELECT,312,1,1,1,61,1,1
158,2026-03-04 06:07:00,user_06,17,orders,INSERT,59,1,0,0,10,0,0
173,2026-03-05 21:02:00,user_06,32,orders,SELECT,62,1,0,0,11,0,0
168,2026-03-06 04:14:00,user_06,27,orders,SELECT,93,1,0,0,13,0,0
157,2026-03-06 13:14:00,user_06,16,orders,SELECT,153,0,0,0,12,0,0
153,2026-03-07 02:17:00,user_06,12,customers,SELECT,103,1,0,0,9,0,0
172,2026-03-07 09:28:00,user_06,31,salary,SELECT,84,0,1,0,11,0,0
174,2026-03-07 10:04:00,user_06,33,transactions,SELECT,112,0,1,0,10,0,0
142,2026-03-07 11:34:00,user_06,1,orders,SELECT,129,0,0,0,6,0,0
143,2026-03-07 17:19:00,user_06,2,transactions,SELECT,114,0,1,0,15,0,0
171,2026-03-07 19:24:00,user_06,30,salary,SELECT,139,0,1,0,12,0,0
160,2026-03-07 20:17:00,user_06,19,inventory,SELECT,114,1,0,0,10,0,0
163,2026-03-08 06:56:00,user_06,22,customers,SELECT,100,1,0,0,7,0,0
175,2026-03-08 08:59:00,user_06,34,inventory,UPDATE,96,0,0,0,6,0,0
145,2026-03-08 18:30:00,user_06,4,customers,SELECT,119,0,0,0,11,0,0
146,2026-03-09 02:52:00,user_06,5,orders,SELECT,108,1,0,0,4,0,0
150,2026-03-10 13:51:00,user_06,9,finance,SELECT,160,0,1,0,11,0,0
164,2026-03-10 20:17:00,user_06,23,finance,SELECT,68,1,1,0,10,0,0
151,2026-03-12 03:27:00,user_06,10,inventory,SELECT,154,1,0,0,11,0,0
155,2026-03-12 09:26:00,user_06,14,orders,SELECT,150,0,0,0,10,0,0
149,2026-03-12 13:03:00,user_06,8,orders,SELECT,127,0,0,0,19,0,0
162,2026-03-12 13:33:00,user_06,21,customers,SELECT,452,1,1,0,61,1,1
165,2026-03-13 06:23:00,user_06,24,orders,DELETE,187,1,0,0,11,0,0
154,2026-03-13 13:39:00,user_06,13,hr_data,SELECT,156,0,0,0,3,0,0
152,2026-03-13 21:35:00,user_06,11,orders,SELECT,141,1,0,0,16,0,0
169,2026-03-13 22:27:00,user_06,28,customers,SELECT,109,1,0,0,1,0,0
148,2026-03-14 00:12:00,user_06,7,salary,SELECT,65,1,1,0,16,0,0
147,2026-03-14 00:32:00,user_06,6,customers,DELETE,716,1,1,1,56,1,1
166,2026-03-14 18:24:00,user_06,25,hr_data,SELECT,137,0,0,0,15,0,0
170,2026-03-14 21:18:00,user_06,29,inventory,SELECT,97,1,0,0,2,0,0
156,2026-03-14 22:55:00,user_06,15,orders,SELECT,171,1,0,0,11,0,0
167,2026-03-15 05:56:00,user_06,26,hr_data,SELECT,115,1,0,0,10,0,0
144,2026-03-15 06:19:00,user_06,3,finance,SELECT,115,1,1,0,10,0,0
204,2026-03-02 08:50:00,user_07,29,orders,SELECT,50,0,0,0,4,0,0
194,2026-03-04 01:09:00,user_07,19,finance,SELECT,151,1,1,0,3,0,0
206,2026-03-04 20:04:00,user_07,31,inventory,SELECT,145,1,0,0,1,0,0
184,2026-03-05 00:49:00,user_07,9,orders,SELECT,28,1,0,1,8,0,0
193,2026-03-06 11:42:00,user_07,18,hr_data,DELETE,110,0,0,0,4,0,0
203,2026-03-06 19:25:00,user_07,28,inventory,SELECT,107,0,0,0,11,0,0
192,2026-03-06 19:41:00,user_07,17,salary,SELECT,717,1,1,0,30,1,1
180,2026-03-07 12:11:00,user_07,5,inventory,SELECT,164,0,0,0,1,0,0
198,2026-03-07 15:52:00,user_07,23,salary,UPDATE,119,0,1,0,5,0,0
195,2026-03-08 00:23:00,user_07,20,inventory,SELECT,154,1,0,0,9,0,0
176,2026-03-08 07:04:00,user_07,1,finance,DELETE,123,1,1,0,9,0,0
186,2026-03-08 12:46:00,user_07,11,orders,SELECT,124,0,0,0,7,0,0
178,2026-03-08 17:01:00,user_07,3,finance,SELECT,199,0,1,0,10,0,0
205,2026-03-10 01:12:00,user_07,30,orders,SELECT,60,1,0,0,6,0,0
185,2026-03-10 11:42:00,user_07,10,transactions,SELECT,107,0,1,1,2,0,0
201,2026-03-11 12:52:00,user_07,26,inventory,SELECT,135,0,0,0,10,0,0
188,2026-03-11 21:18:00,user_07,13,orders,SELECT,187,1,0,0,12,0,0
183,2026-03-12 01:41:00,user_07,8,orders,SELECT,95,1,0,0,2,0,0
196,2026-03-12 02:53:00,user_07,21,customers,SELECT,29,1,0,0,2,0,0
191,2026-03-12 09:43:00,user_07,16,customers,INSERT,125,0,0,0,2,0,0
177,2026-03-12 14:40:00,user_07,2,orders,SELECT,115,0,0,0,11,0,0
189,2026-03-12 17:14:00,user_07,14,finance,SELECT,92,0,1,0,8,0,0
199,2026-03-12 22:17:00,user_07,24,orders,SELECT,111,1,0,0,6,0,0
187,2026-03-13 02:02:00,user_07,12,transactions,SELECT,133,1,1,0,2,0,0
181,2026-03-13 04:25:00,user_07,6,finance,DELETE,67,1,1,0,8,0,0
202,2026-03-13 17:47:00,user_07,27,orders,DELETE,146,0,0,0,4,0,0
190,2026-03-13 20:56:00,user_07,15,customers,SELECT,125,1,0,0,1,0,0
179,2026-03-14 11:08:00,user_07,4,inventory,SELECT,79,0,0,0,5,0,0
182,2026-03-14 16:40:00,user_07,7,orders,UPDATE,99,0,0,0,3,0,0
200,2026-03-14 17:32:00,user_07,25,inventory,SELECT,98,0,0,0,4,0,0
207,2026-03-14 19:19:00,user_07,32,orders,SELECT,85,0,0,0,7,0,0
197,2026-03-15 00:20:00,user_07,22,inventory,UPDATE,121,1,0,0,6,0,0
208,2026-03-01 17:22:00,user_08,1,salary,SELECT,20,0,1,0,17,0,0
215,2026-03-02 10:07:00,user_08,8,orders,SELECT,98,0,0,0,9,0,0
226,2026-03-02 11:47:00,user_08,19,hr_data,SELECT,160,0,0,0,15,0,0
213,2026-03-03 10:21:00,user_08,6,orders,SELECT,108,0,0,0,10,0,0
214,2026-03-03 15:53:00,user_08,7,orders,SELECT,117,0,0,0,11,0,0
231,2026-03-04 08:46:00,user_08,24,customers,SELECT,63,0,0,0,11,0,0
229,2026-03-04 11:41:00,user_08,22,finance,DELETE,26,0,1,0,7,0,0
209,2026-03-04 21:18:00,user_08,2,customers,SELECT,89,1,0,0,17,0,0
232,2026-03-05 08:55:00,user_08,25,customers,SELECT,100,0,0,0,12,0,0
217,2026-03-05 11:20:00,user_08,10,customers,SELECT,44,0,0,0,8,0,0
228,2026-03-06 08:36:00,user_08,21,finance,SELECT,101,0,1,0,3,0,0
236,2026-03-06 12:12:00,user_08,29,transactions,SELECT,162,0,1,0,13,0,0
218,2026-03-06 20:31:00,user_08,11,inventory,SELECT,77,1,0,0,16,0,0
219,2026-03-07 03:42:00,user_08,12,inventory,SELECT,94,1,0,0,12,0,0
234,2026-03-07 05:20:00,user_08,27,hr_data,DELETE,36,1,0,1,15,0,0
227,2026-03-07 21:18:00,user_08,20,salary,SELECT,66,1,1,0,11,0,0
235,2026-03-08 02:11:00,user_08,28,salary,SELECT,377,1,1,1,34,1,1
230,2026-03-08 09:43:00,user_08,23,salary,SELECT,19,0,1,0,11,0,0
224,2026-03-09 13:02:00,user_08,17,inventory,INSERT,78,0,0,0,13,0,0
233,2026-03-09 16:48:00,user_08,26,inventory,DELETE,136,0,0,0,17,0,0
239,2026-03-10 01:05:00,user_08,32,transactions,DELETE,539,1,1,0,55,1,1
223,2026-03-10 03:05:00,user_08,16,transactions,SELECT,137,1,1,0,18,0,0
225,2026-03-10 09:09:00,user_08,18,orders,SELECT,37,0,0,1,12,0,0
210,2026-03-10 10:04:00,user_08,3,finance,UPDATE,78,0,1,0,13,0,0
222,2026-03-11 00:43:00,user_08,15,finance,SELECT,79,1,1,0,14,0,0
216,2026-03-11 04:12:00,user_08,9,customers,SELECT,120,1,0,0,17,0,0
221,2026-03-11 10:14:00,user_08,14,hr_data,INSERT,75,0,0,0,15,0,0
238,2026-03-11 17:22:00,user_08,31,orders,SELECT,161,0,0,0,8,0,0
220,2026-03-11 23:05:00,user_08,13,hr_data,SELECT,78,1,0,0,23,0,0
212,2026-03-12 11:29:00,user_08,5,transactions,SELECT,594,1,1,1,39,1,1
211,2026-03-13 12:25:00,user_08,4,orders,SELECT,33,0,0,0,9,0,0
237,2026-03-14 01:22:00,user_08,30,orders,SELECT,849,1,1,0,32,1,1
262,2026-03-03 01:08:00,user_09,23,transactions,SELECT,1,1,1,0,8,0,0
268,2026-03-03 12:55:00,user_09,29,orders,SELECT,42,0,0,0,14,0,0
255,2026-03-03 21:02:00,user_09,16,finance,SELECT,543,1,1,0,62,1,1
257,2026-03-03 23:04:00,user_09,18,salary,SELECT,68,1,1,1,13,0,0
249,2026-03-04 03:42:00,user_09,10,hr_data,UPDATE,517,1,1,1,66,1,1
272,2026-03-04 03:45:00,user_09,33,orders,UPDATE,80,1,0,0,16,0,0
251,2026-03-04 05:46:00,user_09,12,salary,SELECT,109,1,1,0,6,0,0
263,2026-03-04 05:55:00,user_09,24,orders,SELECT,50,1,0,0,14,0,0
269,2026-03-04 20:21:00,user_09,30,finance,SELECT,387,1,1,0,30,1,1
267,2026-03-06 13:47:00,user_09,28,orders,UPDATE,66,0,0,0,14,0,0
247,2026-03-06 17:56:00,user_09,8,transactions,SELECT,120,0,1,0,9,0,0
254,2026-03-07 16:25:00,user_09,15,transactions,SELECT,556,1,1,0,36,1,1
246,2026-03-07 17:46:00,user_09,7,customers,SELECT,87,0,0,0,15,0,0
241,2026-03-08 06:02:00,user_09,2,finance,SELECT,338,1,1,0,44,1,1
256,2026-03-08 17:49:00,user_09,17,customers,SELECT,731,1,1,0,58,1,1
264,2026-03-08 18:35:00,user_09,25,orders,SELECT,41,0,0,0,8,0,0
240,2026-03-08 20:08:00,user_09,1,hr_data,SELECT,775,1,1,0,69,1,1
253,2026-03-08 20:26:00,user_09,14,salary,SELECT,1,1,1,0,11,0,0
243,2026-03-10 05:15:00,user_09,4,inventory,SELECT,38,1,0,0,11,0,0
245,2026-03-10 19:34:00,user_09,6,finance,UPDATE,50,0,1,0,13,0,0
261,2026-03-11 01:48:00,user_09,22,finance,SELECT,119,1,1,0,20,0,0
270,2026-03-11 04:51:00,user_09,31,customers,SELECT,69,1,0,0,12,0,0
242,2026-03-12 14:02:00,user_09,3,customers,SELECT,95,0,0,0,19,0,0
265,2026-03-12 21:05:00,user_09,26,finance,SELECT,109,1,1,0,10,0,0
258,2026-03-13 01:17:00,user_09,19,inventory,SELECT,17,1,0,0,14,0,0
260,2026-03-13 05:46:00,user_09,21,orders,SELECT,790,1,1,0,50,1,1
244,2026-03-13 16:01:00,user_09,5,orders,SELECT,44,0,0,0,15,0,0
248,2026-03-13 18:21:00,user_09,9,hr_data,SELECT,582,1,1,0,37,1,1
266,2026-03-13 22:06:00,user_09,27,salary,SELECT,29,1,1,0,24,0,0
252,2026-03-13 23:40:00,user_09,13,customers,SELECT,18,1,0,0,21,0,0
271,2026-03-14 00:51:00,user_09,32,customers,INSERT,41,1,0,0,21,0,0
250,2026-03-14 23:07:00,user_09,11,hr_data,SELECT,44,1,0,0,18,0,0
259,2026-03-15 08:55:00,user_09,20,customers,SELECT,69,0,0,0,10,0,0
292,2026-03-01 19:14:00,user_10,20,inventory,SELECT,78,0,0,0,1,0,0
284,2026-03-02 12:10:00,user_10,12,finance,SELECT,121,0,1,0,3,0,0
288,2026-03-02 14:55:00,user_10,16,customers,SELECT,138,0,0,0,5,0,0
298,2026-03-03 02:42:00,user_10,26,inventory,SELECT,91,1,0,0,2,0,0
281,2026-03-03 11:06:00,user_10,9,salary,SELECT,153,0,1,0,4,0,0
275,2026-03-03 23:44:00,user_10,3,salary,SELECT,142,1,1,0,7,0,0
294,2026-03-03 23:54:00,user_10,22,orders,INSERT,76,1,0,0,7,0,0
289,2026-03-04 11:56:00,user_10,17,salary,SELECT,809,1,1,1,52,1,1
300,2026-03-04 17:39:00,user_10,28,customers,SELECT,163,0,0,0,2,0,0
274,2026-03-04 21:30:00,user_10,2,finance,SELECT,869,1,1,1,48,1,1
290,2026-03-05 08:57:00,user_10,18,customers,SELECT,98,0,0,0,10,0,0
278,2026-03-07 11:03:00,user_10,6,customers,SELECT,129,0,0,0,5,0,0
297,2026-03-08 10:27:00,user_10,25,salary,SELECT,154,0,1,0,11,0,0
279,2026-03-09 02:35:00,user_10,7,orders,SELECT,142,1,0,0,5,0,0
282,2026-03-09 03:10:00,user_10,10,customers,SELECT,146,1,0,0,2,0,0
299,2026-03-09 07:48:00,user_10,27,orders,INSERT,133,1,0,0,2,0,0
280,2026-03-10 11:52:00,user_10,8,customers,SELECT,76,0,0,0,9,0,0
293,2026-03-11 03:26:00,user_10,21,inventory,SELECT,112,1,0,0,5,0,0
296,2026-03-11 06:56:00,user_10,24,inventory,SELECT,74,1,0,1,6,0,0
295,2026-03-11 20:16:00,user_10,23,transactions,DELETE,408,1,1,0,40,1,1
285,2026-03-12 10:14:00,user_10,13,finance,SELECT,104,0,1,0,5,0,0
286,2026-03-13 00:48:00,user_10,14,customers,SELECT,164,1,0,0,5,0,0
277,2026-03-14 01:03:00,user_10,5,customers,DELETE,60,1,0,1,4,0,0
291,2026-03-14 02:08:00,user_10,19,transactions,UPDATE,343,1,1,0,52,1,1
276,2026-03-14 03:21:00,user_10,4,hr_data,UPDATE,143,1,0,0,6,0,0
283,2026-03-14 06:58:00,user_10,11,inventory,UPDATE,64,1,0,0,7,0,0
287,2026-03-14 20:55:00,user_10,15,inventory,SELECT,704,1,1,0,63,1,1
273,2026-03-15 00:54:00,user_10,1,orders,SELECT,135,1,0,0,1,0,0
301,2026-03-15 01:59:00,user_10,29,customers,SELECT,805,1,1,0,54,1,1
321,2026-03-01 18:57:00,user_11,20,orders,SELECT,150,0,0,0,14,0,0
309,2026-03-02 18:47:00,user_11,8,inventory,UPDATE,114,0,0,0,18,0,0
305,2026-03-03 01:31:00,user_11,4,orders,SELECT,593,1,1,0,29,1,1
310,2026-03-03 07:03:00,user_11,9,inventory,SELECT,74,1,0,0,15,0,0
306,2026-03-03 10:18:00,user_11,5,finance,SELECT,130,0,1,0,21,0,0
325,2026-03-04 08:34:00,user_11,24,inventory,SELECT,68,0,0,0,17,0,0
317,2026-03-04 14:14:00,user_11,16,hr_data,SELECT,133,0,0,0,19,0,0
326,2026-03-05 03:24:00,user_11,25,salary,SELECT,112,1,1,0,15,0,0
308,2026-03-05 15:48:00,user_11,7,orders,SELECT,10,0,0,0,10,0,0
332,2026-03-05 22:03:00,user_11,31,transactions,SELECT,154,1,1,0,13,0,0
327,2026-03-06 18:43:00,user_11,26,hr_data,SELECT,127,0,0,0,5,0,0
315,2026-03-07 20:10:00,user_11,14,orders,UPDATE,126,1,0,0,14,0,0
323,2026-03-08 02:32:00,user_11,22,transactions,SELECT,138,1,1,0,15,0,0
304,2026-03-08 06:22:00,user_11,3,salary,SELECT,151,1,1,0,18,0,0
303,2026-03-08 13:39:00,user_11,2,customers,SELECT,110,0,0,0,12,0,0
319,2026-03-08 20:23:00,user_11,18,transactions,SELECT,158,1,1,0,8,0,0
314,2026-03-08 23:45:00,user_11,13,customers,SELECT,109,1,0,0,15,0,0
313,2026-03-09 01:47:00,user_11,12,finance,SELECT,169,1,1,0,18,0,0
312,2026-03-09 15:44:00,user_11,11,orders,SELECT,146,0,0,0,16,0,0
331,2026-03-10 01:33:00,user_11,30,inventory,SELECT,171,1,0,0,19,0,0
318,2026-03-10 07:03:00,user_11,17,customers,SELECT,872,1,1,1,49,1,1
311,2026-03-11 08:04:00,user_11,10,hr_data,SELECT,152,0,0,0,18,0,0
328,2026-03-11 14:10:00,user_11,27,customers,SELECT,112,0,0,0,21,0,0
329,2026-03-12 01:08:00,user_11,28,hr_data,SELECT,88,1,0,0,13,0,0
333,2026-03-12 07:27:00,user_11,32,transactions,SELECT,828,1,1,1,32,1,1
322,2026-03-12 10:34:00,user_11,21,customers,INSERT,153,0,0,0,14,0,0
320,2026-03-13 08:28:00,user_11,19,customers,SELECT,121,0,0,0,14,0,0
324,2026-03-13 08:33:00,user_11,23,customers,SELECT,169,0,0,0,9,0,0
307,2026-03-13 23:43:00,user_11,6,hr_data,SELECT,885,1,1,1,66,1,1
302,2026-03-14 05:17:00,user_11,1,finance,INSERT,214,1,1,0,17,0,0
330,2026-03-14 08:31:00,user_11,29,hr_data,SELECT,96,0,0,0,16,0,0
316,2026-03-15 02:09:00,user_11,15,transactions,SELECT,107,1,1,0,15,0,0
349,2026-03-01 20:06:00,user_12,16,orders,SELECT,60,1,0,0,4,0,0
338,2026-03-02 00:23:00,user_12,5,orders,SELECT,112,1,0,0,8,0,0
335,2026-03-03 11:05:00,user_12,2,hr_data,SELECT,52,0,0,0,11,0,0
352,2026-03-04 09:51:00,user_12,19,customers,SELECT,98,0,0,0,3,0,0
346,2026-03-04 15:24:00,user_12,13,orders,SELECT,62,0,0,0,5,0,0
353,2026-03-05 08:37:00,user_12,20,transactions,SELECT,109,0,1,0,8,0,0
334,2026-03-07 13:58:00,user_12,1,orders,SELECT,127,0,0,0,5,0,0
358,2026-03-07 21:15:00,user_12,25,orders,SELECT,59,1,0,0,3,0,0
343,2026-03-07 22:20:00,user_12,10,customers,SELECT,73,1,0,0,9,0,0
355,2026-03-08 01:15:00,user_12,22,customers,SELECT,142,1,0,0,6,0,0
356,2026-03-08 13:21:00,user_12,23,hr_data,SELECT,110,0,0,0,14,0,0
359,2026-03-08 22:16:00,user_12,26,orders,SELECT,95,1,0,0,14,0,0
339,2026-03-09 00:06:00,user_12,6,salary,SELECT,102,1,1,0,8,0,0
351,2026-03-09 05:18:00,user_12,18,customers,SELECT,895,1,1,1,46,1,1
336,2026-03-09 07:55:00,user_12,3,hr_data,SELECT,113,1,0,0,5,0,0
350,2026-03-09 20:52:00,user_12,17,orders,SELECT,130,1,0,0,8,0,0
337,2026-03-09 21:13:00,user_12,4,customers,INSERT,107,1,0,0,7,0,0
360,2026-03-10 11:27:00,user_12,27,salary,UPDATE,63,0,1,1,9,0,0
341,2026-03-11 13:59:00,user_12,8,finance,DELETE,520,1,1,0,34,1,1
344,2026-03-11 18:38:00,user_12,11,customers,UPDATE,80,0,0,0,1,0,0
340,2026-03-12 03:01:00,user_12,7,finance,SELECT,59,1,1,0,5,0,0
354,2026-03-12 06:20:00,user_12,21,finance,UPDATE,768,1,1,1,27,1,1
348,2026-03-13 08:17:00,user_12,15,inventory,SELECT,65,0,0,0,6,0,0
345,2026-03-13 13:45:00,user_12,12,customers,SELECT,131,0,0,0,1,0,0
357,2026-03-13 17:34:00,user_12,24,inventory,SELECT,73,0,0,0,4,0,0
342,2026-03-13 20:43:00,user_12,9,hr_data,SELECT,100,1,0,0,3,0,0
347,2026-03-14 08:39:00,user_12,14,orders,SELECT,669,1,1,0,29,1,1
367,2026-03-02 16:19:00,user_13,7,customers,SELECT,120,0,0,0,11,0,0
385,2026-03-03 01:30:00,user_13,25,orders,SELECT,115,1,0,0,13,0,0
390,2026-03-03 04:04:00,user_13,30,orders,SELECT,81,1,0,0,20,0,0
391,2026-03-04 05:21:00,user_13,31,finance,SELECT,472,1,1,1,62,1,1
368,2026-03-05 00:22:00,user_13,8,hr_data,SELECT,25,1,0,0,9,0,0
380,2026-03-05 08:04:00,user_13,20,salary,SELECT,505,1,1,1,33,1,1
389,2026-03-06 12:08:00,user_13,29,orders,DELETE,76,0,0,0,12,0,0
381,2026-03-06 18:17:00,user_13,21,salary,SELECT,119,0,1,0,12,0,0
373,2026-03-07 17:12:00,user_13,13,customers,SELECT,4,0,0,0,12,0,0
379,2026-03-07 23:34:00,user_13,19,transactions,UPDATE,53,1,1,0,14,0,0
364,2026-03-08 02:27:00,user_13,4,orders,SELECT,115,1,0,0,15,0,0
383,2026-03-08 09:54:00,user_13,23,orders,SELECT,78,0,0,0,7,0,0
378,2026-03-08 15:32:00,user_13,18,finance,SELECT,28,0,1,0,10,0,0
366,2026-03-09 09:32:00,user_13,6,finance,SELECT,28,0,1,0,20,0,0
370,2026-03-09 17:03:00,user_13,10,orders,DELETE,457,1,1,0,68,1,1
361,2026-03-09 17:37:00,user_13,1,hr_data,SELECT,84,0,0,0,12,0,0
382,2026-03-09 18:28:00,user_13,22,inventory,INSERT,388,1,1,0,29,1,1
384,2026-03-10 17:20:00,user_13,24,salary,UPDATE,624,1,1,0,66,1,1
362,2026-03-11 00:50:00,user_13,2,customers,SELECT,65,1,0,0,12,0,0
387,2026-03-11 05:16:00,user_13,27,inventory,UPDATE,121,1,0,0,7,0,0
369,2026-03-11 08:18:00,user_13,9,customers,SELECT,134,0,0,0,17,0,0
365,2026-03-11 11:25:00,user_13,5,orders,SELECT,40,0,0,1,6,0,0
377,2026-03-11 12:05:00,user_13,17,hr_data,UPDATE,9,0,0,0,13,0,0
375,2026-03-11 12:43:00,user_13,15,customers,SELECT,37,0,0,0,16,0,0
371,2026-03-11 14:43:00,user_13,11,hr_data,SELECT,94,0,0,0,10,0,0
376,2026-03-12 13:15:00,user_13,16,customers,SELECT,476,1,1,0,70,1,1
374,2026-03-12 17:32:00,user_13,14,inventory,DELETE,566,1,1,0,70,1,1
388,2026-03-13 03:57:00,user_13,28,customers,SELECT,92,1,0,0,9,0,0
363,2026-03-13 18:54:00,user_13,3,orders,SELECT,73,0,0,0,5,0,0
386,2026-03-13 22:05:00,user_13,26,finance,SELECT,9,1,1,0,23,0,0
372,2026-03-14 10:26:00,user_13,12,customers,SELECT,102,0,0,0,10,0,0
392,2026-03-14 14:06:00,user_13,32,customers,SELECT,121,0,0,0,16,0,0
426,2026-03-01 19:20:00,user_14,34,orders,SELECT,179,0,0,0,16,0,0
422,2026-03-01 23:33:00,user_14,30,inventory,SELECT,111,1,0,0,13,0,0
393,2026-03-02 07:29:00,user_14,1,transactions,SELECT,890,1,1,0,41,1,1
408,2026-03-02 12:36:00,user_14,16,orders,SELECT,163,0,0,0,11,0,0
421,2026-03-03 20:51:00,user_14,29,hr_data,SELECT,127,1,0,0,13,0,0
402,2026-03-04 13:56:00,user_14,10,customers,SELECT,194,0,0,0,14,0,0
405,2026-03-05 00:01:00,user_14,13,inventory,SELECT,96,1,0,0,3,0,0
424,2026-03-05 06:07:00,user_14,32,inventory,SELECT,107,1,0,0,18,0,0
394,2026-03-06 04:07:00,user_14,2,salary,SELECT,172,1,1,0,8,0,0
397,2026-03-08 03:26:00,user_14,5,inventory,SELECT,157,1,0,0,12,0,0
396,2026-03-08 05:59:00,user_14,4,inventory,UPDATE,78,1,0,0,6,0,0
406,2026-03-08 09:30:00,user_14,14,inventory,SELECT,172,0,0,0,19,0,0
399,2026-03-08 11:42:00,user_14,7,transactions,SELECT,130,0,1,0,10,0,0
404,2026-03-08 19:49:00,user_14,12,hr_data,SELECT,49,0,0,0,19,0,0
416,2026-03-08 22:53:00,user_14,24,transactions,SELECT,136,1,1,0,12,0,0
419,2026-03-09 00:42:00,user_14,27,inventory,SELECT,127,1,0,0,11,0,0
414,2026-03-09 02:11:00,user_14,22,inventory,SELECT,103,1,0,0,12,0,0
400,2026-03-09 05:37:00,user_14,8,hr_data,SELECT,92,1,0,0,3,0,0
410,2026-03-09 16:45:00,user_14,18,salary,SELECT,106,0,1,0,6,0,0
425,2026-03-10 00:38:00,user_14,33,customers,SELECT,412,1,1,0,37,1,1
412,2026-03-10 03:59:00,user_14,20,inventory,SELECT,190,1,0,0,13,0,0
418,2026-03-10 07:36:00,user_14,26,hr_data,SELECT,141,1,0,0,12,0,0
398,2026-03-10 19:59:00,user_14,6,inventory,SELECT,182,0,0,0,8,0,0
403,2026-03-10 21:21:00,user_14,11,customers,UPDATE,58,1,0,0,7,0,0
407,2026-03-11 18:42:00,user_14,15,hr_data,SELECT,160,0,0,0,12,0,0
409,2026-03-12 02:00:00,user_14,17,orders,SELECT,437,1,1,0,41,1,1
395,2026-03-12 16:59:00,user_14,3,transactions,SELECT,193,0,1,0,11,0,0
417,2026-03-13 02:32:00,user_14,25,customers,DELETE,116,1,0,0,10,0,0
401,2026-03-14 03:44:00,user_14,9,customers,SELECT,760,1,1,0,40,1,1
420,2026-03-14 04:25:00,user_14,28,orders,UPDATE,87,1,0,0,16,0,0
411,2026-03-14 08:26:00,user_14,19,inventory,SELECT,143,0,0,0,15,0,0
423,2026-03-14 12:55:00,user_14,31,inventory,SELECT,200,0,0,0,6,0,0
415,2026-03-15 02:01:00,user_14,23,inventory,SELECT,440,1,1,0,70,1,1
413,2026-03-15 06:42:00,user_14,21,customers,INSERT,102,1,0,0,9,0,0
459,2026-03-02 18:55:00,user_15,33,finance,SELECT,87,0,1,1,13,0,0
428,2026-03-02 19:00:00,user_15,2,salary,SELECT,97,0,1,0,10,0,0
442,2026-03-03 15:54:00,user_15,16,finance,SELECT,67,0,1,0,5,0,0
450,2026-03-03 19:36:00,user_15,24,hr_data,SELECT,72,0,0,0,12,0,0
456,2026-03-04 13:47:00,user_15,30,inventory,DELETE,692,1,1,1,40,1,1
443,2026-03-04 23:15:00,user_15,17,orders,DELETE,128,1,0,0,11,0,0
447,2026-03-05 09:00:00,user_15,21,hr_data,SELECT,21,0,0,0,13,0,0
441,2026-03-06 16:09:00,user_15,15,customers,SELECT,124,0,0,0,13,0,0
440,2026-03-06 21:24:00,user_15,14,customers,DELETE,141,1,0,0,9,0,0
438,2026-03-07 05:03:00,user_15,12,salary,SELECT,105,1,1,0,11,0,0
431,2026-03-07 09:22:00,user_15,5,finance,SELECT,105,0,1,0,17,0,0
439,2026-03-07 13:04:00,user_15,13,hr_data,SELECT,900,1,1,0,40,1,1
452,2026-03-07 14:00:00,user_15,26,customers,SELECT,95,0,0,0,12,0,0
435,2026-03-07 14:20:00,user_15,9,orders,SELECT,97,0,0,0,14,0,0
445,2026-03-07 20:52:00,user_15,19,finance,DELETE,887,1,1,1,39,1,1
433,2026-03-07 22:50:00,user_15,7,salary,SELECT,87,1,1,0,7,0,0
449,2026-03-07 23:05:00,user_15,23,transactions,SELECT,85,1,1,1,14,0,0
437,2026-03-07 23:37:00,user_15,11,customers,INSERT,752,1,1,0,66,1,1
436,2026-03-10 08:28:00,user_15,10,transactions,INSERT,44,0,1,0,6,0,0
455,2026-03-10 14:27:00,user_15,29,transactions,SELECT,397,1,1,1,36,1,1
457,2026-03-11 12:58:00,user_15,31,salary,INSERT,86,0,1,0,5,0,0
453,2026-03-11 19:37:00,user_15,27,finance,SELECT,645,1,1,0,43,1,1
444,2026-03-12 05:45:00,user_15,18,finance,SELECT,59,1,1,0,11,0,0
429,2026-03-12 06:15:00,user_15,3,inventory,SELECT,57,1,0,0,17,0,0
434,2026-03-12 07:02:00,user_15,8,orders,DELETE,64,1,0,0,13,0,0
448,2026-03-12 15:32:00,user_15,22,customers,SELECT,161,0,0,0,6,0,0
430,2026-03-13 12:09:00,user_15,4,orders,SELECT,120,0,0,1,15,0,0
446,2026-03-13 13:15:00,user_15,20,salary,UPDATE,479,1,1,1,51,1,1
451,2026-03-13 17:42:00,user_15,25,inventory,UPDATE,816,1,1,1,54,1,1
432,2026-03-14 01:47:00,user_15,6,orders,DELETE,47,1,0,0,8,0,0
454,2026-03-14 07:05:00,user_15,28,finance,SELECT,49,1,1,1,16,0,0
458,2026-03-14 09:52:00,user_15,32,customers,SELECT,72,0,0,0,7,0,0
427,2026-03-15 06:56:00,user_15,1,hr_data,UPDATE,66,1,0,0,5,0,0
482,2026-03-01 17:32:00,user_16,23,customers,SELECT,172,0,0,0,14,0,0
478,2026-03-01 21:24:00,user_16,19,hr_data,SELECT,198,1,0,0,12,0,0
485,2026-03-02 15:49:00,user_16,26,customers,INSERT,134,0,0,0,13,0,0
472,2026-03-03 00:53:00,user_16,13,customers,SELECT,361,1,1,0,29,1,1
481,2026-03-03 22:37:00,user_16,22,customers,SELECT,143,1,0,0,16,0,0
460,2026-03-04 01:07:00,user_16,1,finance,DELETE,83,1,1,0,10,0,0
466,2026-03-05 23:24:00,user_16,7,inventory,SELECT,152,1,0,0,13,0,0
461,2026-03-06 09:36:00,user_16,2,customers,SELECT,114,0,0,0,12,0,0
487,2026-03-08 16:07:00,user_16,28,customers,UPDATE,189,0,0,0,10,0,0
480,2026-03-09 06:02:00,user_16,21,customers,SELECT,170,1,0,0,11,0,0
465,2026-03-09 14:34:00,user_16,6,customers,SELECT,860,1,1,0,57,1,1
475,2026-03-09 23:09:00,user_16,16,orders,SELECT,188,1,0,0,12,0,0
471,2026-03-10 09:14:00,user_16,12,orders,SELECT,177,0,0,0,16,0,0
474,2026-03-10 22:34:00,user_16,15,orders,UPDATE,112,1,0,0,12,0,0
479,2026-03-11 00:37:00,user_16,20,inventory,UPDATE,186,1,0,0,8,0,0
484,2026-03-11 08:43:00,user_16,25,customers,SELECT,150,0,0,0,19,0,0
483,2026-03-11 12:48:00,user_16,24,inventory,SELECT,345,1,1,0,50,1,1
469,2026-03-11 16:38:00,user_16,10,customers,SELECT,142,0,0,0,16,0,0
473,2026-03-12 02:48:00,user_16,14,customers,SELECT,127,1,0,0,14,0,0
468,2026-03-12 11:57:00,user_16,9,customers,SELECT,57,0,0,0,16,0,0
467,2026-03-13 05:10:00,user_16,8,orders,SELECT,93,1,0,0,16,0,0
488,2026-03-13 05:40:00,user_16,29,customers,SELECT,479,1,1,1,65,1,1
477,2026-03-13 09:49:00,user_16,18,customers,INSERT,66,0,0,0,11,0,0
463,2026-03-13 14:33:00,user_16,4,transactions,UPDATE,139,0,1,0,18,0,0
476,2026-03-13 15:31:00,user_16,17,customers,UPDATE,850,1,1,1,50,1,1
470,2026-03-14 02:10:00,user_16,11,inventory,UPDATE,106,1,0,0,5,0,0
486,2026-03-14 11:37:00,user_16,27,orders,SELECT,118,0,0,0,18,0,0
464,2026-03-14 22:23:00,user_16,5,transactions,SELECT,127,1,1,0,11,0,0
462,2026-03-15 03:48:00,user_16,3,orders,SELECT,165,1,0,0,7,0,0
513,2026-03-02 17:04:00,user_17,25,inventory,UPDATE,349,1,1,0,25,1,1
496,2026-03-03 11:29:00,user_17,8,inventory,UPDATE,686,1,1,0,68,1,1
491,2026-03-04 18:29:00,user_17,3,orders,SELECT,102,0,0,0,8,0,0
511,2026-03-05 04:52:00,user_17,23,salary,SELECT,859,1,1,1,56,1,1
519,2026-03-05 10:54:00,user_17,31,customers,SELECT,153,0,0,0,14,0,0
512,2026-03-05 13:30:00,user_17,24,hr_data,SELECT,191,0,0,0,9,0,0
500,2026-03-05 16:46:00,user_17,12,hr_data,SELECT,99,0,0,0,14,0,0
520,2026-03-05 17:49:00,user_17,32,finance,SELECT,204,0,1,0,7,0,0
505,2026-03-05 23:56:00,user_17,17,orders,SELECT,142,1,0,0,10,0,0
515,2026-03-06 08:27:00,user_17,27,inventory,SELECT,118,0,0,1,13,0,0
506,2026-03-06 09:50:00,user_17,18,salary,SELECT,127,0,1,0,13,0,0
492,2026-03-06 20:36:00,user_17,4,transactions,SELECT,192,1,1,0,13,0,0
518,2026-03-07 21:34:00,user_17,30,customers,UPDATE,117,1,0,0,2,0,0
508,2026-03-08 21:09:00,user_17,20,customers,SELECT,154,1,0,0,21,0,0
495,2026-03-08 21:22:00,user_17,7,finance,DELETE,196,1,1,0,18,0,0
499,2026-03-08 22:50:00,user_17,11,orders,DELETE,138,1,0,0,9,0,0
504,2026-03-09 13:24:00,user_17,16,inventory,SELECT,780,1,1,0,45,1,1
503,2026-03-10 00:53:00,user_17,15,inventory,SELECT,169,1,0,0,15,0,0
490,2026-03-10 01:09:00,user_17,2,salary,SELECT,180,1,1,0,7,0,0
502,2026-03-10 09:36:00,user_17,14,hr_data,SELECT,188,0,0,0,10,0,0
521,2026-03-10 09:45:00,user_17,33,customers,INSERT,92,0,0,0,16,0,0
517,2026-03-10 17:38:00,user_17,29,customers,SELECT,171,0,0,1,9,0,0
514,2026-03-10 18:13:00,user_17,26,customers,SELECT,454,1,1,0,25,1,1
493,2026-03-11 21:52:00,user_17,5,hr_data,SELECT,125,1,0,1,11,0,0
501,2026-03-12 06:33:00,user_17,13,hr_data,SELECT,140,1,0,0,12,0,0
516,2026-03-12 08:53:00,user_17,28,finance,SELECT,95,0,1,0,6,0,0
510,2026-03-12 11:51:00,user_17,22,hr_data,SELECT,191,0,0,0,13,0,0
489,2026-03-12 15:40:00,user_17,1,customers,SELECT,118,0,0,0,14,0,0
509,2026-03-13 21:43:00,user_17,21,finance,SELECT,209,1,1,0,13,0,0
494,2026-03-14 01:21:00,user_17,6,inventory,SELECT,123,1,0,1,14,0,0
507,2026-03-14 15:57:00,user_17,19,inventory,SELECT,163,0,0,0,13,0,0
498,2026-03-14 17:53:00,user_17,10,salary,SELECT,166,0,1,0,11,0,0
497,2026-03-15 03:23:00,user_17,9,finance,UPDATE,109,1,1,0,3,0,0
524,2026-03-01 14:09:00,user_18,3,salary,SELECT,156,0,1,0,15,0,0
534,2026-03-03 02:30:00,user_18,13,orders,SELECT,73,1,0,0,3,0,0
533,2026-03-03 03:49:00,user_18,12,inventory,INSERT,747,1,1,0,39,1,1
522,2026-03-03 05:01:00,user_18,1,finance,UPDATE,97,1,1,0,4,0,0
523,2026-03-03 12:03:00,user_18,2,orders,SELECT,71,0,0,0,8,0,0
539,2026-03-04 21:15:00,user_18,18,salary,SELECT,305,1,1,1,44,1,1
545,2026-03-05 05:36:00,user_18,24,finance,SELECT,72,1,1,0,7,0,0
529,2026-03-06 02:08:00,user_18,8,inventory,SELECT,65,1,0,0,1,0,0
526,2026-03-06 14:28:00,user_18,5,customers,UPDATE,62,0,0,0,7,0,0
548,2026-03-06 23:40:00,user_18,27,salary,SELECT,36,1,1,0,5,0,0
546,2026-03-07 11:35:00,user_18,25,inventory,SELECT,6,0,0,0,11,0,0
528,2026-03-07 18:07:00,user_18,7,transactions,SELECT,622,1,1,0,26,1,1
538,2026-03-08 02:18:00,user_18,17,salary,SELECT,457,1,1,0,49,1,1
525,2026-03-08 21:55:00,user_18,4,inventory,UPDATE,840,1,1,1,27,1,1
532,2026-03-08 22:10:00,user_18,11,orders,SELECT,78,1,0,0,9,0,0
550,2026-03-08 22:26:00,user_18,29,transactions,SELECT,107,1,1,0,7,0,0
543,2026-03-10 03:23:00,user_18,22,customers,SELECT,103,1,0,0,7,0,0
535,2026-03-10 09:39:00,user_18,14,hr_data,SELECT,72,0,0,0,11,0,0
530,2026-03-10 10:31:00,user_18,9,hr_data,SELECT,107,0,0,0,2,0,0
547,2026-03-10 22:58:00,user_18,26,orders,SELECT,99,1,0,0,8,0,0
537,2026-03-11 04:50:00,user_18,16,customers,SELECT,127,1,0,0,7,0,0
540,2026-03-11 11:53:00,user_18,19,orders,SELECT,491,1,1,0,52,1,1
541,2026-03-11 14:07:00,user_18,20,inventory,SELECT,391,1,1,0,47,1,1
536,2026-03-11 15:03:00,user_18,15,inventory,SELECT,102,0,0,0,7,0,0
549,2026-03-11 19:03:00,user_18,28,customers,SELECT,52,0,0,0,10,0,0
527,2026-03-12 04:41:00,user_18,6,orders,DELETE,130,1,0,0,5,0,0
542,2026-03-13 23:40:00,user_18,21,customers,SELECT,87,1,0,0,7,0,0
544,2026-03-14 02:34:00,user_18,23,hr_data,INSERT,122,1,0,0,4,0,0
531,2026-03-14 06:29:00,user_18,10,transactions,SELECT,55,1,1,0,15,0,0
574,2026-03-01 21:20:00,user_19,24,transactions,SELECT,126,1,1,0,13,0,0
560,2026-03-03 01:23:00,user_19,10,orders,SELECT,93,1,0,0,9,0,0
566,2026-03-03 18:51:00,user_19,16,customers,SELECT,109,0,0,0,22,0,0
575,2026-03-05 02:45:00,user_19,25,hr_data,SELECT,188,1,0,0,5,0,0
552,2026-03-05 22:41:00,user_19,2,inventory,SELECT,90,1,0,0,6,0,0
580,2026-03-06 01:23:00,user_19,30,orders,SELECT,117,1,0,0,8,0,0
557,2026-03-06 03:29:00,user_19,7,orders,SELECT,131,1,0,0,13,0,0
577,2026-03-06 15:37:00,user_19,27,salary,SELECT,113,0,1,1,11,0,0
559,2026-03-07 02:59:00,user_19,9,finance,SELECT,116,1,1,0,7,0,0
570,2026-03-08 02:20:00,user_19,20,orders,INSERT,445,1,1,0,47,1,1
571,2026-03-08 11:20:00,user_19,21,orders,SELECT,132,0,0,0,6,0,0
573,2026-03-08 15:10:00,user_19,23,customers,SELECT,104,0,0,0,8,0,0
553,2026-03-08 15:17:00,user_19,3,orders,SELECT,151,0,0,0,20,0,0
572,2026-03-09 07:13:00,user_19,22,inventory,SELECT,145,1,0,0,8,0,0
564,2026-03-09 10:52:00,user_19,14,customers,SELECT,105,0,0,1,3,0,0
568,2026-03-09 21:19:00,user_19,18,orders,SELECT,119,1,0,0,4,0,0
555,2026-03-10 07:35:00,user_19,5,orders,DELETE,129,1,0,0,17,0,0
565,2026-03-10 11:14:00,user_19,15,hr_data,SELECT,113,0,0,0,7,0,0
558,2026-03-10 16:26:00,user_19,8,finance,SELECT,177,0,1,0,5,0,0
578,2026-03-11 05:00:00,user_19,28,orders,SELECT,156,1,0,0,15,0,0
579,2026-03-11 14:31:00,user_19,29,inventory,SELECT,109,0,0,0,13,0,0
569,2026-03-12 18:19:00,user_19,19,customers,INSERT,128,0,0,0,15,0,0
567,2026-03-13 04:19:00,user_19,17,inventory,SELECT,152,1,0,0,12,0,0
561,2026-03-13 12:50:00,user_19,11,inventory,DELETE,93,0,0,0,6,0,0
563,2026-03-13 14:13:00,user_19,13,inventory,DELETE,554,1,1,1,67,1,1
562,2026-03-13 17:54:00,user_19,12,customers,INSERT,156,0,0,0,6,0,0
556,2026-03-13 18:59:00,user_19,6,customers,SELECT,772,1,1,1,70,1,1
576,2026-03-13 22:24:00,user_19,26,customers,SELECT,122,1,0,0,10,0,0
554,2026-03-14 11:30:00,user_19,4,salary,SELECT,131,0,1,0,12,0,0
581,2026-03-14 12:18:00,user_19,31,customers,UPDATE,136,0,0,0,11,0,0
551,2026-03-14 21:37:00,user_19,1,customers,SELECT,87,1,0,0,8,0,0
591,2026-03-01 14:14:00,user_20,10,inventory,SELECT,102,0,0,0,8,0,0
600,2026-03-02 02:36:00,user_20,19,orders,SELECT,105,1,0,0,12,0,0
608,2026-03-02 17:22:00,user_20,27,hr_data,UPDATE,435,1,1,0,40,1,1
604,2026-03-02 17:25:00,user_20,23,inventory,SELECT,68,0,0,0,12,0,0
612,2026-03-03 11:50:00,user_20,31,orders,SELECT,113,0,0,0,12,0,0
607,2026-03-03 13:00:00,user_20,26,customers,SELECT,35,0,0,0,6,0,0
597,2026-03-03 22:49:00,user_20,16,inventory,SELECT,126,1,0,0,10,0,0
582,2026-03-03 23:14:00,user_20,1,orders,UPDATE,72,1,0,0,10,0,0
587,2026-03-04 14:12:00,user_20,6,inventory,SELECT,692,1,1,0,52,1,1
609,2026-03-04 16:52:00,user_20,28,salary,UPDATE,134,0,1,0,14,0,0
605,2026-03-05 04:57:00,user_20,24,orders,SELECT,124,1,0,0,6,0,0
589,2026-03-05 07:36:00,user_20,8,inventory,SELECT,127,1,0,0,13,0,0
588,2026-03-05 14:26:00,user_20,7,inventory,SELECT,87,0,0,0,4,0,0
602,2026-03-06 03:37:00,user_20,21,transactions,SELECT,93,1,1,0,9,0,0
606,2026-03-07 11:00:00,user_20,25,hr_data,SELECT,113,0,0,0,15,0,0
595,2026-03-07 15:06:00,user_20,14,customers,SELECT,33,0,0,0,8,0,0
585,2026-03-08 03:26:00,user_20,4,hr_data,SELECT,26,1,0,0,5,0,0
586,2026-03-08 12:02:00,user_20,5,customers,SELECT,83,0,0,0,11,0,0
583,2026-03-08 12:09:00,user_20,2,inventory,SELECT,106,0,0,0,13,0,0
590,2026-03-08 12:48:00,user_20,9,transactions,SELECT,135,0,1,0,6,0,0
584,2026-03-09 07:00:00,user_20,3,orders,SELECT,90,1,0,0,1,0,0
598,2026-03-09 17:21:00,user_20,17,inventory,SELECT,115,0,0,0,7,0,0
613,2026-03-09 18:33:00,user_20,32,inventory,SELECT,135,0,0,0,10,0,0
610,2026-03-10 07:28:00,user_20,29,inventory,SELECT,126,1,0,0,5,0,0
611,2026-03-10 19:13:00,user_20,30,orders,SELECT,103,0,0,0,12,0,0
593,2026-03-10 19:59:00,user_20,12,salary,SELECT,86,0,1,0,10,0,0
601,2026-03-11 08:47:00,user_20,20,transactions,SELECT,82,0,1,0,7,0,0
599,2026-03-11 10:02:00,user_20,18,inventory,INSERT,553,1,1,0,44,1,1
592,2026-03-14 03:41:00,user_20,11,inventory,SELECT,59,1,0,0,12,0,0
594,2026-03-14 05:46:00,user_20,13,customers,SELECT,131,1,0,0,2,0,0
596,2026-03-14 05:55:00,user_20,15,salary,SELECT,118,1,1,0,8,0,0
603,2026-03-15 06:17:00,user_20,22,finance,SELECT,511,1,1,1,38,1,1
625,2026-03-01 13:24:00,user_21,12,finance,UPDATE,39,0,1,0,9,0,0
636,2026-03-01 23:38:00,user_21,23,transactions,SELECT,39,1,1,0,10,0,0
644,2026-03-02 06:45:00,user_21,31,hr_data,DELETE,164,1,0,0,10,0,0
618,2026-03-02 10:05:00,user_21,5,customers,SELECT,35,0,0,0,15,0,0
638,2026-03-02 14:48:00,user_21,25,salary,SELECT,88,0,1,0,11,0,0
643,2026-03-03 00:51:00,user_21,30,customers,SELECT,69,1,0,0,11,0,0
627,2026-03-03 09:47:00,user_21,14,salary,SELECT,87,0,1,0,22,0,0
619,2026-03-04 04:51:00,user_21,6,hr_data,SELECT,62,1,0,0,8,0,0
624,2026-03-04 09:28:00,user_21,11,inventory,SELECT,21,0,0,0,11,0,0
629,2026-03-04 09:42:00,user_21,16,finance,SELECT,876,1,1,0,25,1,1
634,2026-03-04 13:21:00,user_21,21,customers,SELECT,76,0,0,0,9,0,0
631,2026-03-04 19:40:00,user_21,18,hr_data,SELECT,46,0,0,0,5,0,0
648,2026-03-04 21:51:00,user_21,35,inventory,SELECT,37,1,0,0,7,0,0
632,2026-03-06 07:38:00,user_21,19,customers,SELECT,100,1,0,0,11,0,0
621,2026-03-07 14:39:00,user_21,8,customers,SELECT,469,1,1,0,28,1,1
647,2026-03-07 16:32:00,user_21,34,customers,SELECT,48,0,0,0,19,0,0
616,2026-03-07 19:52:00,user_21,3,orders,SELECT,102,0,0,0,12,0,0
645,2026-03-07 21:27:00,user_21,32,finance,SELECT,76,1,1,0,7,0,0
628,2026-03-08 04:25:00,user_21,15,customers,SELECT,65,1,0,0,14,0,0
641,2026-03-08 13:50:00,user_21,28,customers,UPDATE,49,0,0,0,13,0,0
614,2026-03-09 12:38:00,user_21,1,transactions,SELECT,93,0,1,0,22,0,0
642,2026-03-09 16:33:00,user_21,29,inventory,SELECT,73,0,0,0,9,0,0
639,2026-03-10 03:44:00,user_21,26,customers,SELECT,32,1,0,0,17,0,0
622,2026-03-10 09:27:00,user_21,9,finance,SELECT,55,0,1,0,3,0,0
646,2026-03-10 12:41:00,user_21,33,customers,SELECT,100,0,0,0,17,0,0
626,2026-03-10 23:38:00,user_21,13,finance,SELECT,60,1,1,0,8,0,0
620,2026-03-11 02:38:00,user_21,7,customers,SELECT,609,1,1,1,35,1,1
623,2026-03-11 03:25:00,user_21,10,finance,SELECT,788,1,1,0,29,1,1
615,2026-03-11 03:38:00,user_21,2,transactions,SELECT,48,1,1,0,4,0,0
617,2026-03-12 10:03:00,user_21,4,salary,UPDATE,127,0,1,0,17,0,0
637,2026-03-13 03:45:00,user_21,24,finance,SELECT,66,1,1,0,12,0,0
640,2026-03-13 09:30:00,user_21,27,transactions,SELECT,78,0,1,0,15,0,0
633,2026-03-14 18:59:00,user_21,20,salary,SELECT,15,0,1,0,15,0,0
635,2026-03-15 01:13:00,user_21,22,finance,SELECT,61,1,1,0,8,0,0
630,2026-03-15 06:18:00,user_21,17,finance,SELECT,70,1,1,0,16,0,0
661,2026-03-02 04:18:00,user_22,13,inventory,DELETE,104,1,0,0,13,0,0
660,2026-03-02 10:06:00,user_22,12,inventory,SELECT,127,0,0,0,14,0,0
649,2026-03-02 21:06:00,user_22,1,orders,SELECT,191,1,0,0,13,0,0
657,2026-03-03 03:05:00,user_22,9,inventory,SELECT,880,1,1,1,35,1,1
676,2026-03-03 07:22:00,user_22,28,inventory,SELECT,153,1,0,0,13,0,0
659,2026-03-03 23:59:00,user_22,11,customers,SELECT,312,1,1,1,40,1,1
682,2026-03-04 02:56:00,user_22,34,inventory,INSERT,184,1,0,0,13,0,0
678,2026-03-04 08:23:00,user_22,30,customers,SELECT,156,0,0,0,14,0,0
670,2026-03-04 19:13:00,user_22,22,customers,SELECT,73,0,0,0,17,0,0
681,2026-03-04 21:52:00,user_22,33,customers,SELECT,68,1,0,0,27,0,0
653,2026-03-05 02:28:00,user_22,5,inventory,SELECT,104,1,0,0,14,0,0
652,2026-03-05 08:55:00,user_22,4,customers,SELECT,108,0,0,0,20,0,0
669,2026-03-05 19:43:00,user_22,21,salary,SELECT,98,0,1,1,11,0,0
650,2026-03-06 19:19:00,user_22,2,customers,SELECT,79,0,0,0,12,0,0
654,2026-03-07 06:35:00,user_22,6,customers,SELECT,109,1,0,0,13,0,0
655,2026-03-07 11:46:00,user_22,7,salary,SELECT,188,0,1,0,20,0,0
680,2026-03-07 13:31:00,user_22,32,customers,DELETE,898,1,1,0,31,1,1
674,2026-03-07 17:49:00,user_22,26,customers,DELETE,235,0,0,0,8,0,0
683,2026-03-08 09:22:00,user_22,35,inventory,UPDATE,611,1,1,0,70,1,1
666,2026-03-08 10:40:00,user_22,18,orders,SELECT,505,1,1,1,43,1,1
663,2026-03-08 15:43:00,user_22,15,orders,SELECT,139,0,0,0,15,0,0
656,2026-03-08 23:57:00,user_22,8,transactions,SELECT,890,1,1,1,65,1,1
671,2026-03-09 06:11:00,user_22,23,finance,SELECT,643,1,1,0,25,1,1
658,2026-03-09 17:48:00,user_22,10,customers,SELECT,209,0,0,0,13,0,0
668,2026-03-09 18:07:00,user_22,20,inventory,SELECT,115,0,0,0,12,0,0
672,2026-03-09 22:29:00,user_22,24,transactions,SELECT,842,1,1,1,40,1,1
679,2026-03-10 07:36:00,user_22,31,salary,SELECT,151,1,1,0,19,0,0
677,2026-03-10 08:22:00,user_22,29,customers,SELECT,119,0,0,0,18,0,0
662,2026-03-10 22:01:00,user_22,14,customers,SELECT,133,1,0,0,21,0,0
673,2026-03-10 22:16:00,user_22,25,inventory,SELECT,127,1,0,0,9,0,0
651,2026-03-11 16:36:00,user_22,3,finance,SELECT,188,0,1,0,8,0,0
664,2026-03-12 19:10:00,user_22,16,finance,SELECT,184,0,1,1,16,0,0
665,2026-03-13 02:40:00,user_22,17,hr_data,INSERT,776,1,1,0,43,1,1
675,2026-03-13 04:51:00,user_22,27,orders,UPDATE,152,1,0,0,22,0,0
667,2026-03-14 04:54:00,user_22,19,salary,SELECT,135,1,1,0,19,0,0
691,2026-03-01 20:54:00,user_23,8,hr_data,SELECT,177,1,0,0,17,0,0
690,2026-03-03 06:53:00,user_23,7,inventory,SELECT,167,1,0,0,16,0,0
693,2026-03-04 03:54:00,user_23,10,customers,SELECT,148,1,0,0,10,0,0
692,2026-03-04 07:20:00,user_23,9,customers,UPDATE,169,1,0,0,15,0,0
688,2026-03-04 13:20:00,user_23,5,customers,SELECT,189,0,0,0,11,0,0
686,2026-03-05 07:57:00,user_23,3,customers,SELECT,217,1,0,0,13,0,0
708,2026-03-05 09:10:00,user_23,25,customers,SELECT,148,0,0,0,6,0,0
696,2026-03-05 15:12:00,user_23,13,orders,SELECT,150,0,0,0,16,0,0
684,2026-03-06 06:25:00,user_23,1,transactions,SELECT,554,1,1,1,47,1,1
689,2026-03-06 10:23:00,user_23,6,customers,UPDATE,182,0,0,0,16,0,0
704,2026-03-07 18:25:00,user_23,21,customers,INSERT,43,0,0,0,14,0,0
703,2026-03-08 15:08:00,user_23,20,inventory,SELECT,119,0,0,0,15,0,0
701,2026-03-09 13:07:00,user_23,18,inventory,SELECT,95,0,0,0,13,0,0
695,2026-03-10 02:01:00,user_23,12,finance,SELECT,121,1,1,0,12,0,0
707,2026-03-10 05:07:00,user_23,24,orders,UPDATE,108,1,0,0,14,0,0
685,2026-03-10 09:24:00,user_23,2,inventory,SELECT,169,0,0,0,2,0,0
698,2026-03-10 18:00:00,user_23,15,transactions,SELECT,692,1,1,0,33,1,1
699,2026-03-10 21:57:00,user_23,16,customers,UPDATE,114,1,0,0,10,0,0
706,2026-03-13 12:27:00,user_23,23,transactions,DELETE,524,1,1,0,61,1,1
700,2026-03-13 17:54:00,user_23,17,salary,INSERT,178,0,1,0,13,0,0
687,2026-03-13 21:26:00,user_23,4,customers,SELECT,121,1,0,0,15,0,0
702,2026-03-14 05:55:00,user_23,19,inventory,SELECT,151,1,0,0,15,0,0
694,2026-03-14 10:25:00,user_23,11,orders,SELECT,91,0,0,0,7,0,0
705,2026-03-14 15:56:00,user_23,22,hr_data,INSERT,546,1,1,0,42,1,1
697,2026-03-15 08:23:00,user_23,14,finance,SELECT,149,0,1,0,10,0,0
730,2026-03-02 11:17:00,user_24,22,orders,SELECT,111,0,0,0,13,0,0
729,2026-03-02 22:01:00,user_24,21,orders,SELECT,63,1,0,0,20,0,0
716,2026-03-03 00:36:00,user_24,8,orders,DELETE,102,1,0,0,21,0,0
717,2026-03-03 16:10:00,user_24,9,orders,SELECT,154,0,0,0,17,0,0
732,2026-03-03 16:23:00,user_24,24,transactions,SELECT,43,0,1,0,14,0,0
715,2026-03-04 14:21:00,user_24,7,salary,UPDATE,134,0,1,0,13,0,0
727,2026-03-05 04:41:00,user_24,19,finance,INSERT,50,1,1,0,17,0,0
719,2026-03-05 08:08:00,user_24,11,salary,SELECT,108,0,1,0,14,0,0
721,2026-03-05 08:45:00,user_24,13,orders,SELECT,100,0,0,1,12,0,0
722,2026-03-05 10:03:00,user_24,14,salary,DELETE,5,0,1,0,14,0,0
724,2026-03-05 12:26:00,user_24,16,finance,DELETE,148,0,1,0,12,0,0
710,2026-03-05 15:48:00,user_24,2,transactions,UPDATE,76,0,1,0,18,0,0
712,2026-03-06 08:29:00,user_24,4,customers,SELECT,74,0,0,0,18,0,0
725,2026-03-06 09:38:00,user_24,17,finance,SELECT,126,0,1,0,9,0,0
733,2026-03-06 12:11:00,user_24,25,customers,SELECT,96,0,0,0,10,0,0
714,2026-03-08 17:43:00,user_24,6,customers,SELECT,140,0,0,0,11,0,0
726,2026-03-08 21:51:00,user_24,18,salary,SELECT,95,1,1,0,15,0,0
728,2026-03-09 00:21:00,user_24,20,orders,SELECT,149,1,0,0,17,0,0
709,2026-03-09 09:03:00,user_24,1,hr_data,SELECT,116,0,0,0,10,0,0
723,2026-03-10 06:51:00,user_24,15,transactions,SELECT,85,1,1,0,9,0,0
731,2026-03-10 19:06:00,user_24,23,inventory,SELECT,85,0,0,0,13,0,0
718,2026-03-11 07:35:00,user_24,10,salary,INSERT,123,1,1,0,10,0,0
711,2026-03-13 17:04:00,user_24,3,orders,SELECT,538,1,1,1,63,1,1
720,2026-03-15 08:10:00,user_24,12,salary,SELECT,112,0,1,0,12,0,0
713,2026-03-15 08:23:00,user_24,5,customers,SELECT,57,0,0,0,10,0,0
737,2026-03-02 01:55:00,user_25,4,orders,SELECT,122,1,0,0,7,0,0
741,2026-03-02 12:06:00,user_25,8,orders,SELECT,103,0,0,0,5,0,0
742,2026-03-02 14:46:00,user_25,9,orders,SELECT,17,0,0,0,1,0,0
759,2026-03-02 21:35:00,user_25,26,customers,SELECT,41,1,0,0,6,0,0
736,2026-03-03 11:50:00,user_25,3,orders,INSERT,167,0,0,0,5,0,0
749,2026-03-03 13:48:00,user_25,16,customers,SELECT,51,0,0,0,11,0,0
762,2026-03-03 15:43:00,user_25,29,hr_data,SELECT,592,1,1,0,59,1,1
761,2026-03-03 22:27:00,user_25,28,orders,SELECT,116,1,0,0,2,0,0
755,2026-03-04 02:41:00,user_25,22,hr_data,SELECT,78,1,0,0,5,0,0
756,2026-03-05 04:17:00,user_25,23,hr_data,UPDATE,733,1,1,0,30,1,1
739,2026-03-05 16:45:00,user_25,6,orders,SELECT,100,0,0,0,11,0,0
734,2026-03-07 07:36:00,user_25,1,hr_data,SELECT,124,1,0,0,1,0,0
748,2026-03-07 11:40:00,user_25,15,inventory,SELECT,58,0,0,0,5,0,0
760,2026-03-07 15:50:00,user_25,27,inventory,DELETE,835,1,1,1,51,1,1
744,2026-03-08 00:22:00,user_25,11,hr_data,SELECT,707,1,1,1,55,1,1
763,2026-03-09 04:47:00,user_25,30,transactions,SELECT,160,1,1,0,4,0,0
735,2026-03-09 22:03:00,user_25,2,customers,SELECT,96,1,0,1,3,0,0
746,2026-03-10 04:38:00,user_25,13,customers,UPDATE,52,1,0,0,2,0,0
753,2026-03-10 08:36:00,user_25,20,hr_data,SELECT,58,0,0,1,4,0,0
738,2026-03-11 06:07:00,user_25,5,customers,SELECT,88,1,0,0,5,0,0
757,2026-03-11 06:46:00,user_25,24,customers,UPDATE,47,1,0,0,3,0,0
747,2026-03-11 12:27:00,user_25,14,customers,SELECT,108,0,0,0,1,0,0
752,2026-03-12 04:19:00,user_25,19,inventory,SELECT,85,1,0,0,5,0,0
745,2026-03-12 12:06:00,user_25,12,transactions,SELECT,115,0,1,0,5,0,0
754,2026-03-13 03:15:00,user_25,21,transactions,SELECT,40,1,1,0,5,0,0
751,2026-03-13 06:23:00,user_25,18,orders,SELECT,87,1,0,0,1,0,0
740,2026-03-13 15:58:00,user_25,7,orders,SELECT,131,0,0,1,1,0,0
750,2026-03-14 19:04:00,user_25,17,customers,SELECT,68,0,0,0,1,0,0
758,2026-03-14 21:58:00,user_25,25,orders,DELETE,112,1,0,0,6,0,0
743,2026-03-15 00:47:00,user_25,10,inventory,SELECT,93,1,0,0,1,0,0
786,2026-03-01 13:37:00,user_26,23,customers,SELECT,116,0,0,0,17,0,0
784,2026-03-01 19:57:00,user_26,21,transactions,INSERT,120,0,1,0,15,0,0
775,2026-03-02 00:48:00,user_26,12,customers,UPDATE,90,1,0,0,16,0,0
764,2026-03-02 05:27:00,user_26,1,customers,SELECT,181,1,0,0,18,0,0
794,2026-03-02 16:00:00,user_26,31,transactions,UPDATE,163,0,1,0,16,0,0
776,2026-03-02 16:28:00,user_26,13,customers,SELECT,79,0,0,0,14,0,0
781,2026-03-03 10:21:00,user_26,18,orders,SELECT,126,0,0,0,17,0,0
791,2026-03-03 20:02:00,user_26,28,inventory,SELECT,94,1,0,0,9,0,0
778,2026-03-04 04:39:00,user_26,15,finance,SELECT,79,1,1,0,21,0,0
771,2026-03-05 15:38:00,user_26,8,orders,DELETE,159,0,0,1,13,0,0
777,2026-03-05 21:44:00,user_26,14,orders,UPDATE,118,1,0,1,16,0,0
783,2026-03-06 11:56:00,user_26,20,finance,SELECT,89,0,1,0,15,0,0
769,2026-03-06 13:29:00,user_26,6,customers,INSERT,117,0,0,0,13,0,0
766,2026-03-06 18:44:00,user_26,3,customers,SELECT,154,0,0,0,13,0,0
788,2026-03-07 02:37:00,user_26,25,customers,SELECT,136,1,0,0,18,0,0
787,2026-03-07 15:23:00,user_26,24,orders,SELECT,156,0,0,0,18,0,0
768,2026-03-07 18:06:00,user_26,5,transactions,UPDATE,149,0,1,0,16,0,0
793,2026-03-08 04:10:00,user_26,30,customers,SELECT,72,1,0,0,11,0,0
795,2026-03-08 15:32:00,user_26,32,finance,SELECT,160,0,1,0,12,0,0
770,2026-03-08 16:14:00,user_26,7,orders,SELECT,105,0,0,0,15,0,0
792,2026-03-08 18:34:00,user_26,29,transactions,SELECT,175,0,1,0,17,0,0
780,2026-03-09 08:00:00,user_26,17,orders,UPDATE,160,0,0,0,12,0,0
767,2026-03-09 20:24:00,user_26,4,customers,UPDATE,89,1,0,0,16,0,0
790,2026-03-09 21:22:00,user_26,27,inventory,SELECT,157,1,0,0,3,0,0
789,2026-03-10 09:53:00,user_26,26,inventory,SELECT,115,0,0,0,13,0,0
765,2026-03-10 12:23:00,user_26,2,customers,UPDATE,184,0,0,0,15,0,0
774,2026-03-10 13:18:00,user_26,11,customers,UPDATE,147,0,0,0,7,0,0
779,2026-03-11 12:37:00,user_26,16,customers,UPDATE,189,0,0,0,14,0,0
785,2026-03-12 03:55:00,user_26,22,hr_data,SELECT,41,1,0,0,14,0,0
772,2026-03-12 09:34:00,user_26,9,salary,UPDATE,85,0,1,0,7,0,0
773,2026-03-13 02:24:00,user_26,10,salary,SELECT,67,1,1,0,18,0,0
782,2026-03-14 09:31:00,user_26,19,salary,SELECT,120,0,1,0,1,0,0
814,2026-03-01 16:41:00,user_27,19,transactions,SELECT,80,0,1,0,5,0,0
815,2026-03-01 18:47:00,user_27,20,finance,SELECT,110,0,1,0,12,0,0
825,2026-03-02 11:11:00,user_27,30,finance,SELECT,418,1,1,0,51,1,1
810,2026-03-02 16:40:00,user_27,15,customers,SELECT,94,0,0,0,10,0,0
805,2026-03-02 23:53:00,user_27,10,inventory,SELECT,690,1,1,0,58,1,1
809,2026-03-03 05:08:00,user_27,14,inventory,SELECT,86,1,0,0,8,0,0
812,2026-03-03 09:04:00,user_27,17,customers,SELECT,160,0,0,0,9,0,0
804,2026-03-04 01:19:00,user_27,9,inventory,UPDATE,120,1,0,0,10,0,0
811,2026-03-05 05:04:00,user_27,16,inventory,SELECT,128,1,0,0,11,0,0
801,2026-03-05 12:58:00,user_27,6,hr_data,UPDATE,16,0,0,0,9,0,0
807,2026-03-05 22:23:00,user_27,12,orders,INSERT,96,1,0,0,11,0,0
822,2026-03-06 04:20:00,user_27,27,salary,SELECT,102,1,1,0,11,0,0
802,2026-03-06 10:22:00,user_27,7,orders,SELECT,115,0,0,0,12,0,0
824,2026-03-07 04:41:00,user_27,29,salary,SELECT,82,1,1,0,10,0,0
818,2026-03-07 23:49:00,user_27,23,inventory,SELECT,60,1,0,0,3,0,0
806,2026-03-08 03:56:00,user_27,11,orders,UPDATE,134,1,0,0,12,0,0
817,2026-03-08 08:10:00,user_27,22,customers,UPDATE,99,0,0,0,6,0,0
803,2026-03-08 21:56:00,user_27,8,orders,SELECT,125,1,0,0,8,0,0
816,2026-03-09 05:03:00,user_27,21,orders,SELECT,120,1,0,0,3,0,0
799,2026-03-09 12:47:00,user_27,4,inventory,UPDATE,119,0,0,0,2,0,0
823,2026-03-09 17:12:00,user_27,28,salary,SELECT,55,0,1,0,11,0,0
821,2026-03-10 13:18:00,user_27,26,customers,SELECT,81,0,0,0,8,0,0
796,2026-03-10 13:57:00,user_27,1,orders,SELECT,148,0,0,0,2,0,0
813,2026-03-11 03:18:00,user_27,18,hr_data,SELECT,504,1,1,0,48,1,1
819,2026-03-11 05:50:00,user_27,24,transactions,INSERT,139,1,1,0,5,0,0
826,2026-03-11 11:39:00,user_27,31,orders,SELECT,50,0,0,1,9,0,0
808,2026-03-11 18:53:00,user_27,13,customers,UPDATE,112,0,0,0,6,0,0
820,2026-03-12 12:42:00,user_27,25,orders,SELECT,78,0,0,0,2,0,0
798,2026-03-13 12:58:00,user_27,3,finance,SELECT,113,0,1,0,6,0,0
800,2026-03-14 01:52:00,user_27,5,customers,SELECT,564,1,1,0,60,1,1
797,2026-03-14 09:24:00,user_27,2,transactions,SELECT,99,0,1,0,5,0,0
827,2026-03-01 14:04:00,user_28,1,orders,SELECT,70,0,0,0,4,0,0
847,2026-03-02 00:44:00,user_28,21,transactions,UPDATE,51,1,1,0,5,0,0
838,2026-03-02 06:32:00,user_28,12,transactions,SELECT,80,1,1,0,6,0,0
840,2026-03-02 10:03:00,user_28,14,customers,SELECT,65,0,0,0,9,0,0
835,2026-03-03 10:11:00,user_28,9,salary,SELECT,39,0,1,0,4,0,0
861,2026-03-03 10:38:00,user_28,35,salary,INSERT,61,0,1,0,13,0,0
842,2026-03-03 11:45:00,user_28,16,orders,SELECT,709,1,1,0,54,1,1
860,2026-03-03 17:03:00,user_28,34,orders,SELECT,54,0,0,0,8,0,0
845,2026-03-03 17:38:00,user_28,19,orders,SELECT,61,0,0,0,9,0,0
829,2026-03-03 18:17:00,user_28,3,inventory,SELECT,26,0,0,0,5,0,0
830,2026-03-03 19:02:00,user_28,4,inventory,SELECT,17,0,0,0,7,0,0
834,2026-03-03 21:18:00,user_28,8,transactions,SELECT,120,1,1,0,12,0,0
848,2026-03-04 08:21:00,user_28,22,inventory,SELECT,138,0,0,0,6,0,0
832,2026-03-05 00:35:00,user_28,6,customers,SELECT,76,1,0,0,8,0,0
856,2026-03-06 20:33:00,user_28,30,orders,SELECT,70,1,0,0,13,0,0
836,2026-03-07 04:45:00,user_28,10,finance,SELECT,71,1,1,0,9,0,0
837,2026-03-07 09:14:00,user_28,11,inventory,SELECT,115,0,0,0,12,0,0
828,2026-03-07 12:26:00,user_28,2,finance,SELECT,56,0,1,0,14,0,0
843,2026-03-07 13:27:00,user_28,17,transactions,SELECT,137,0,1,0,6,0,0
859,2026-03-08 13:36:00,user_28,33,customers,SELECT,59,0,0,0,11,0,0
841,2026-03-08 20:29:00,user_28,15,orders,SELECT,78,1,0,0,7,0,0
851,2026-03-09 01:45:00,user_28,25,inventory,SELECT,81,1,0,0,10,0,0
853,2026-03-10 03:11:00,user_28,27,customers,UPDATE,52,1,0,0,8,0,0
844,2026-03-10 23:19:00,user_28,18,finance,SELECT,360,1,1,0,35,1,1
839,2026-03-11 01:39:00,user_28,13,salary,SELECT,99,1,1,0,7,0,0
852,2026-03-11 05:23:00,user_28,26,finance,SELECT,128,1,1,0,10,0,0
846,2026-03-11 08:17:00,user_28,20,customers,SELECT,91,0,0,0,10,0,0
849,2026-03-11 09:40:00,user_28,23,customers,SELECT,58,0,0,1,8,0,0
858,2026-03-11 19:43:00,user_28,32,orders,SELECT,810,1,1,0,53,1,1
855,2026-03-12 01:17:00,user_28,29,transactions,UPDATE,803,1,1,1,45,1,1
833,2026-03-12 07:30:00,user_28,7,orders,SELECT,137,1,0,0,13,0,0
831,2026-03-13 06:42:00,user_28,5,hr_data,SELECT,86,1,0,0,8,0,0
850,2026-03-13 07:37:00,user_28,24,salary,SELECT,93,1,1,0,9,0,0
857,2026-03-13 21:38:00,user_28,31,finance,SELECT,108,1,1,0,3,0,0
854,2026-03-15 07:43:00,user_28,28,customers,SELECT,84,1,0,0,11,0,0
876,2026-03-03 17:33:00,user_29,15,orders,SELECT,115,0,0,0,14,0,0
867,2026-03-04 13:42:00,user_29,6,transactions,SELECT,141,0,1,0,15,0,0
875,2026-03-05 09:46:00,user_29,14,finance,SELECT,159,0,1,0,16,0,0
889,2026-03-06 00:24:00,user_29,28,salary,SELECT,86,1,1,0,16,0,0
865,2026-03-06 10:06:00,user_29,4,customers,SELECT,89,0,0,0,8,0,0
878,2026-03-07 00:34:00,user_29,17,orders,INSERT,75,1,0,0,15,0,0
888,2026-03-07 01:50:00,user_29,27,customers,SELECT,216,1,0,0,8,0,0
868,2026-03-07 03:52:00,user_29,7,finance,SELECT,84,1,1,0,7,0,0
887,2026-03-07 10:48:00,user_29,26,salary,SELECT,31,0,1,0,14,0,0
882,2026-03-07 23:41:00,user_29,21,finance,DELETE,482,1,1,0,57,1,1
866,2026-03-08 00:27:00,user_29,5,inventory,SELECT,468,1,1,0,56,1,1
863,2026-03-08 22:18:00,user_29,2,inventory,SELECT,143,1,0,0,8,0,0
870,2026-03-09 01:33:00,user_29,9,customers,SELECT,75,1,0,0,13,0,0
864,2026-03-09 15:24:00,user_29,3,salary,SELECT,144,0,1,0,16,0,0
869,2026-03-10 07:34:00,user_29,8,customers,UPDATE,116,1,0,0,9,0,0
879,2026-03-11 16:18:00,user_29,18,transactions,SELECT,76,0,1,0,10,0,0
862,2026-03-11 18:09:00,user_29,1,hr_data,SELECT,528,1,1,0,54,1,1
884,2026-03-12 07:20:00,user_29,23,inventory,DELETE,133,1,0,0,9,0,0
877,2026-03-12 20:18:00,user_29,16,transactions,SELECT,117,1,1,0,11,0,0
880,2026-03-13 00:46:00,user_29,19,orders,SELECT,128,1,0,0,14,0,0
886,2026-03-13 06:28:00,user_29,25,customers,SELECT,357,1,1,0,37,1,1
873,2026-03-13 10:38:00,user_29,12,salary,SELECT,141,0,1,0,9,0,0
885,2026-03-13 12:34:00,user_29,24,orders,UPDATE,93,0,0,0,11,0,0
883,2026-03-13 17:16:00,user_29,22,finance,SELECT,660,1,1,0,60,1,1
881,2026-03-13 23:19:00,user_29,20,finance,SELECT,69,1,1,0,5,0,0
874,2026-03-14 16:33:00,user_29,13,inventory,SELECT,88,0,0,0,15,0,0
871,2026-03-14 18:34:00,user_29,10,customers,UPDATE,157,0,0,0,14,0,0
872,2026-03-14 18:50:00,user_29,11,hr_data,SELECT,111,0,0,0,19,0,0
907,2026-03-01 13:48:00,user_30,18,customers,SELECT,79,0,0,0,15,0,0
901,2026-03-02 06:48:00,user_30,12,customers,SELECT,608,1,1,0,56,1,1
892,2026-03-02 10:39:00,user_30,3,hr_data,SELECT,111,0,0,0,11,0,0
921,2026-03-03 00:38:00,user_30,32,orders,SELECT,85,1,0,0,7,0,0
909,2026-03-03 22:55:00,user_30,20,orders,SELECT,69,1,0,0,9,0,0
916,2026-03-04 20:58:00,user_30,27,customers,SELECT,375,1,1,0,28,1,1
917,2026-03-05 10:12:00,user_30,28,salary,SELECT,37,0,1,0,16,0,0
898,2026-03-05 15:06:00,user_30,9,hr_data,SELECT,341,1,1,0,52,1,1
897,2026-03-05 18:40:00,user_30,8,orders,SELECT,62,0,0,1,19,0,0
894,2026-03-05 23:54:00,user_30,5,finance,SELECT,44,1,1,0,13,0,0
914,2026-03-06 05:25:00,user_30,25,transactions,SELECT,850,1,1,0,69,1,1
905,2026-03-06 05:31:00,user_30,16,finance,SELECT,122,1,1,0,16,0,0
895,2026-03-06 12:10:00,user_30,6,hr_data,SELECT,63,0,0,0,17,0,0
918,2026-03-06 13:19:00,user_30,29,hr_data,SELECT,102,0,0,0,9,0,0
891,2026-03-06 18:45:00,user_30,2,inventory,SELECT,85,0,0,0,15,0,0
900,2026-03-07 04:16:00,user_30,11,customers,SELECT,134,1,0,0,12,0,0
899,2026-03-07 17:25:00,user_30,10,inventory,SELECT,51,0,0,0,13,0,0
922,2026-03-08 05:34:00,user_30,33,finance,SELECT,29,1,1,0,18,0,0
893,2026-03-08 11:45:00,user_30,4,hr_data,SELECT,84,0,0,0,12,0,0
912,2026-03-08 15:56:00,user_30,23,inventory,DELETE,73,0,0,0,17,0,0
923,2026-03-10 01:18:00,user_30,34,orders,SELECT,61,1,0,0,16,0,0
919,2026-03-10 13:52:00,user_30,30,orders,SELECT,97,0,0,0,17,0,0
904,2026-03-10 20:09:00,user_30,15,inventory,SELECT,32,1,0,0,14,0,0
915,2026-03-11 06:41:00,user_30,26,finance,DELETE,34,1,1,0,17,0,0
911,2026-03-11 12:20:00,user_30,22,inventory,SELECT,46,0,0,0,11,0,0
910,2026-03-13 03:16:00,user_30,21,transactions,SELECT,43,1,1,0,11,0,0
903,2026-03-13 07:56:00,user_30,14,customers,SELECT,817,1,1,1,35,1,1
906,2026-03-13 10:43:00,user_30,17,inventory,SELECT,78,0,0,0,13,0,0
924,2026-03-13 12:20:00,user_30,35,customers,SELECT,56,0,0,0,16,0,0
920,2026-03-13 13:05:00,user_30,31,customers,SELECT,899,1,1,0,27,1,1
913,2026-03-13 14:48:00,user_30,24,inventory,SELECT,80,0,0,0,12,0,0
890,2026-03-14 03:51:00,user_30,1,transactions,SELECT,82,1,1,0,21,0,0
902,2026-03-14 09:45:00,user_30,13,inventory,SELECT,93,0,0,0,16,0,0
896,2026-03-14 18:20:00,user_30,7,inventory,SELECT,51,0,0,0,14,0,0
908,2026-03-15 08:09:00,user_30,19,hr_data,SELECT,628,1,1,1,49,1,1
947,2026-03-02 05:01:00,user_31,23,inventory,SELECT,112,1,0,0,8,0,0
956,2026-03-02 06:47:00,user_31,32,hr_data,SELECT,69,1,0,0,7,0,0
932,2026-03-02 14:42:00,user_31,8,transactions,DELETE,190,0,1,0,7,0,0
945,2026-03-03 02:10:00,user_31,21,transactions,UPDATE,137,1,1,0,4,0,0
943,2026-03-03 05:46:00,user_31,19,transactions,UPDATE,183,1,1,0,12,0,0
927,2026-03-04 14:12:00,user_31,3,customers,SELECT,127,0,0,0,8,0,0
930,2026-03-04 14:47:00,user_31,6,customers,SELECT,166,0,0,0,17,0,0
925,2026-03-04 15:41:00,user_31,1,orders,UPDATE,155,0,0,0,11,0,0
938,2026-03-04 20:13:00,user_31,14,inventory,SELECT,129,1,0,0,3,0,0
951,2026-03-05 03:34:00,user_31,27,salary,SELECT,139,1,1,0,9,0,0
931,2026-03-05 19:07:00,user_31,7,customers,SELECT,137,0,0,0,13,0,0
954,2026-03-06 15:33:00,user_31,30,customers,SELECT,511,1,1,0,58,1,1
934,2026-03-07 01:54:00,user_31,10,customers,SELECT,121,1,0,0,11,0,0
936,2026-03-07 20:43:00,user_31,12,finance,DELETE,126,1,1,0,6,0,0
942,2026-03-08 07:49:00,user_31,18,inventory,SELECT,162,1,0,0,10,0,0
935,2026-03-08 21:41:00,user_31,11,orders,SELECT,150,1,0,0,12,0,0
941,2026-03-08 22:04:00,user_31,17,transactions,SELECT,148,1,1,0,5,0,0
929,2026-03-09 04:47:00,user_31,5,customers,DELETE,150,1,0,0,14,0,0
955,2026-03-09 14:17:00,user_31,31,orders,DELETE,122,0,0,0,2,0,0
959,2026-03-09 16:30:00,user_31,35,inventory,UPDATE,557,1,1,1,49,1,1
926,2026-03-09 20:46:00,user_31,2,hr_data,SELECT,125,1,0,0,6,0,0
939,2026-03-11 02:54:00,user_31,15,customers,SELECT,164,1,0,0,14,0,0
940,2026-03-11 07:10:00,user_31,16,orders,SELECT,143,1,0,0,4,0,0
937,2026-03-11 15:06:00,user_31,13,orders,SELECT,91,0,0,0,14,0,0
933,2026-03-11 20:54:00,user_31,9,finance,SELECT,146,1,1,0,3,0,0
948,2026-03-12 02:49:00,user_31,24,finance,SELECT,100,1,1,0,8,0,0
953,2026-03-12 09:03:00,user_31,29,hr_data,SELECT,141,0,0,0,10,0,0
950,2026-03-12 23:45:00,user_31,26,customers,SELECT,544,1,1,0,64,1,1
957,2026-03-13 05:44:00,user_31,33,finance,SELECT,86,1,1,0,4,0,0
928,2026-03-13 14:21:00,user_31,4,inventory,SELECT,65,0,0,0,11,0,0
944,2026-03-13 15:09:00,user_31,20,customers,SELECT,94,0,0,0,21,0,0
952,2026-03-14 06:18:00,user_31,28,hr_data,SELECT,110,1,0,1,8,0,0
958,2026-03-14 13:00:00,user_31,34,inventory,SELECT,115,0,0,0,6,0,0
946,2026-03-14 14:47:00,user_31,22,inventory,SELECT,134,0,0,0,12,0,0
949,2026-03-14 19:00:00,user_31,25,salary,SELECT,89,0,1,0,11,0,0
986,2026-03-01 12:53:00,user_32,27,inventory,SELECT,510,1,1,0,69,1,1
969,2026-03-01 19:10:00,user_32,10,transactions,SELECT,46,0,1,0,11,0,0
970,2026-03-03 07:49:00,user_32,11,customers,SELECT,86,1,0,0,19,0,0
975,2026-03-03 20:17:00,user_32,16,customers,SELECT,44,1,0,0,15,0,0
978,2026-03-04 01:10:00,user_32,19,customers,SELECT,66,1,0,0,10,0,0
963,2026-03-05 15:04:00,user_32,4,customers,SELECT,47,0,0,0,13,0,0
990,2026-03-06 00:14:00,user_32,31,orders,SELECT,66,1,0,0,14,0,0
965,2026-03-06 04:04:00,user_32,6,inventory,SELECT,120,1,0,0,10,0,0
981,2026-03-06 14:19:00,user_32,22,hr_data,SELECT,62,0,0,0,12,0,0
962,2026-03-06 14:36:00,user_32,3,customers,SELECT,75,0,0,0,14,0,0
964,2026-03-06 14:47:00,user_32,5,orders,SELECT,790,1,1,0,55,1,1
984,2026-03-06 15:58:00,user_32,25,hr_data,SELECT,75,0,0,0,15,0,0
966,2026-03-06 22:04:00,user_32,7,customers,SELECT,46,1,0,0,3,0,0
973,2026-03-07 09:27:00,user_32,14,customers,SELECT,70,0,0,0,14,0,0
987,2026-03-08 13:31:00,user_32,28,orders,SELECT,117,0,0,0,12,0,0
982,2026-03-09 08:25:00,user_32,23,inventory,SELECT,102,0,0,0,14,0,0
960,2026-03-09 09:43:00,user_32,1,transactions,SELECT,73,0,1,0,9,0,0
989,2026-03-09 16:41:00,user_32,30,finance,INSERT,85,0,1,0,16,0,0
976,2026-03-10 22:15:00,user_32,17,transactions,SELECT,139,1,1,0,8,0,0
980,2026-03-11 04:39:00,user_32,21,inventory,SELECT,842,1,1,1,52,1,1
971,2026-03-12 08:03:00,user_32,12,customers,UPDATE,73,0,0,0,17,0,0
967,2026-03-13 00:58:00,user_32,8,customers,SELECT,564,1,1,1,36,1,1
968,2026-03-13 03:09:00,user_32,9,hr_data,SELECT,101,1,0,0,5,0,0
979,2026-03-13 15:31:00,user_32,20,transactions,UPDATE,101,0,1,1,12,0,0
985,2026-03-13 17:56:00,user_32,26,orders,SELECT,106,0,0,0,17,0,0
983,2026-03-14 11:38:00,user_32,24,customers,SELECT,49,0,0,0,15,0,0
972,2026-03-14 15:12:00,user_32,13,transactions,SELECT,28,0,1,0,9,0,0
988,2026-03-14 16:41:00,user_32,29,orders,UPDATE,55,0,0,0,10,0,0
974,2026-03-14 22:47:00,user_32,15,inventory,SELECT,154,1,0,0,19,0,0
961,2026-03-15 02:58:00,user_32,2,customers,UPDATE,20,1,0,0,12,0,0
977,2026-03-15 08:44:00,user_32,18,inventory,UPDATE,42,0,0,0,14,0,0
1010,2026-03-01 11:32:00,user_33,20,orders,SELECT,374,1,1,0,57,1,1
996,2026-03-01 11:53:00,user_33,6,transactions,UPDATE,34,0,1,0,19,0,0
998,2026-03-03 04:42:00,user_33,8,finance,SELECT,87,1,1,0,14,0,0
1007,2026-03-03 10:14:00,user_33,17,inventory,SELECT,131,0,0,0,7,0,0
1019,2026-03-03 11:47:00,user_33,29,orders,SELECT,73,0,0,0,19,0,0
1022,2026-03-05 16:51:00,user_33,32,inventory,SELECT,77,0,0,0,5,0,0
994,2026-03-06 06:07:00,user_33,4,inventory,SELECT,133,1,0,0,13,0,0
993,2026-03-06 14:29:00,user_33,3,orders,SELECT,86,0,0,0,8,0,0
1017,2026-03-06 14:34:00,user_33,27,transactions,SELECT,123,0,1,0,19,0,0
1012,2026-03-07 05:44:00,user_33,22,transactions,UPDATE,78,1,1,0,7,0,0
1023,2026-03-07 09:56:00,user_33,33,customers,SELECT,119,0,0,0,10,0,0
1005,2026-03-07 15:41:00,user_33,15,salary,SELECT,82,0,1,0,8,0,0
1011,2026-03-08 01:42:00,user_33,21,orders,SELECT,85,1,0,0,12,0,0
1014,2026-03-09 02:30:00,user_33,24,hr_data,SELECT,68,1,0,1,14,0,0
1004,2026-03-09 13:27:00,user_33,14,customers,SELECT,110,0,0,0,18,0,0
1016,2026-03-10 01:59:00,user_33,26,finance,INSERT,179,1,1,0,11,0,0
992,2026-03-10 10:25:00,user_33,2,salary,UPDATE,88,0,1,0,18,0,0
999,2026-03-10 11:48:00,user_33,9,finance,SELECT,78,0,1,0,10,0,0
1013,2026-03-11 10:48:00,user_33,23,hr_data,SELECT,129,0,0,0,12,0,0
991,2026-03-12 09:11:00,user_33,1,orders,SELECT,174,0,0,1,7,0,0
1001,2026-03-12 14:59:00,user_33,11,orders,SELECT,118,0,0,0,11,0,0
1003,2026-03-13 02:42:00,user_33,13,finance,SELECT,84,1,1,0,12,0,0
1002,2026-03-13 03:58:00,user_33,12,orders,SELECT,130,1,0,0,20,0,0
1018,2026-03-13 13:32:00,user_33,28,customers,UPDATE,126,0,0,0,15,0,0
1020,2026-03-13 23:51:00,user_33,30,hr_data,SELECT,97,1,0,0,15,0,0
1021,2026-03-14 10:19:00,user_33,31,orders,DELETE,78,0,0,0,10,0,0
1008,2026-03-14 15:21:00,user_33,18,orders,INSERT,137,0,0,0,11,0,0
1006,2026-03-14 17:04:00,user_33,16,customers,SELECT,110,0,0,0,14,0,0
1015,2026-03-14 17:29:00,user_33,25,transactions,SELECT,109,0,1,0,1,0,0
1000,2026-03-14 23:17:00,user_33,10,customers,SELECT,91,1,0,0,18,0,0
997,2026-03-15 00:48:00,user_33,7,orders,SELECT,52,1,0,0,11,0,0
1009,2026-03-15 04:09:00,user_33,19,hr_data,SELECT,118,1,0,0,15,0,0
995,2026-03-15 08:20:00,user_33,5,finance,SELECT,84,0,1,0,13,0,0
1030,2026-03-02 02:47:00,user_34,7,inventory,SELECT,155,1,0,0,12,0,0
1026,2026-03-02 08:04:00,user_34,3,transactions,SELECT,143,0,1,0,5,0,0
1029,2026-03-02 14:34:00,user_34,6,inventory,SELECT,81,0,0,0,6,0,0
1024,2026-03-03 19:15:00,user_34,1,customers,SELECT,136,0,0,0,2,0,0
1041,2026-03-04 10:26:00,user_34,18,hr_data,UPDATE,85,0,0,0,1,0,0
1040,2026-03-04 18:40:00,user_34,17,inventory,SELECT,179,0,0,0,7,0,0
1048,2026-03-05 08:19:00,user_34,25,hr_data,SELECT,127,0,0,0,10,0,0
1031,2026-03-05 08:27:00,user_34,8,inventory,SELECT,99,0,0,0,19,0,0
1034,2026-03-05 15:12:00,user_34,11,inventory,SELECT,77,0,0,0,12,0,0
1044,2026-03-06 06:40:00,user_34,21,transactions,SELECT,153,1,1,0,9,0,0
1038,2026-03-06 13:49:00,user_34,15,transactions,SELECT,73,0,1,0,14,0,0
1037,2026-03-07 17:42:00,user_34,14,inventory,SELECT,158,0,0,0,4,0,0
1032,2026-03-08 13:23:00,user_34,9,finance,SELECT,144,0,1,0,7,0,0
1042,2026-03-08 13:25:00,user_34,19,salary,SELECT,119,0,1,0,4,0,0
1050,2026-03-10 01:06:00,user_34,27,finance,SELECT,118,1,1,0,10,0,0
1036,2026-03-10 21:52:00,user_34,13,salary,SELECT,143,1,1,0,8,0,0
1045,2026-03-11 14:40:00,user_34,22,salary,SELECT,145,0,1,0,11,0,0
1025,2026-03-12 14:03:00,user_34,2,finance,SELECT,91,0,1,0,17,0,0
1049,2026-03-12 23:46:00,user_34,26,inventory,SELECT,148,1,0,0,6,0,0
1028,2026-03-13 00:08:00,user_34,5,orders,SELECT,205,1,0,0,13,0,0
1039,2026-03-14 00:17:00,user_34,16,orders,SELECT,135,1,0,0,15,0,0
1046,2026-03-14 01:27:00,user_34,23,hr_data,SELECT,424,1,1,0,47,1,1
1043,2026-03-14 07:06:00,user_34,20,customers,SELECT,124,1,0,0,14,0,0
1027,2026-03-14 10:45:00,user_34,4,transactions,SELECT,183,0,1,0,6,0,0
1033,2026-03-14 14:18:00,user_34,10,customers,SELECT,141,0,0,0,9,0,0
1047,2026-03-15 03:43:00,user_34,24,customers,SELECT,144,1,0,0,10,0,0
1035,2026-03-15 07:49:00,user_34,12,orders,SELECT,72,1,0,0,6,0,0
1079,2026-03-01 17:02:00,user_35,29,inventory,SELECT,84,0,0,0,12,0,0
1077,2026-03-01 19:35:00,user_35,27,customers,INSERT,404,1,1,0,43,1,1
1056,2026-03-01 21:36:00,user_35,6,customers,SELECT,92,1,0,0,13,0,0
1058,2026-03-02 14:23:00,user_35,8,customers,SELECT,81,0,0,0,8,0,0
1052,2026-03-02 23:57:00,user_35,2,customers,SELECT,95,1,0,0,19,0,0
1057,2026-03-03 04:43:00,user_35,7,customers,SELECT,784,1,1,0,60,1,1
1059,2026-03-03 06:27:00,user_35,9,customers,SELECT,699,1,1,0,44,1,1
1061,2026-03-04 08:41:00,user_35,11,inventory,SELECT,665,1,1,0,45,1,1
1064,2026-03-05 09:41:00,user_35,14,inventory,SELECT,103,0,0,0,13,0,0
1075,2026-03-05 12:37:00,user_35,25,customers,SELECT,67,0,0,0,12,0,0
1060,2026-03-06 14:15:00,user_35,10,customers,SELECT,88,0,0,0,21,0,0
1078,2026-03-07 12:00:00,user_35,28,customers,SELECT,392,1,1,0,34,1,1
1068,2026-03-07 21:36:00,user_35,18,inventory,SELECT,128,1,0,0,13,0,0
1053,2026-03-08 00:07:00,user_35,3,salary,SELECT,64,1,1,0,13,0,0
1066,2026-03-09 06:36:00,user_35,16,inventory,SELECT,615,1,1,0,48,1,1
1072,2026-03-10 05:50:00,user_35,22,transactions,SELECT,545,1,1,1,58,1,1
1071,2026-03-10 17:51:00,user_35,21,transactions,SELECT,96,0,1,0,7,0,0
1067,2026-03-10 18:07:00,user_35,17,orders,SELECT,439,1,1,1,47,1,1
1051,2026-03-10 23:22:00,user_35,1,finance,SELECT,4,1,1,0,19,0,0
1054,2026-03-11 11:58:00,user_35,4,salary,DELETE,141,0,1,0,11,0,0
1076,2026-03-11 16:16:00,user_35,26,orders,SELECT,76,0,0,0,17,0,0
1062,2026-03-12 05:02:00,user_35,12,inventory,UPDATE,86,1,0,0,20,0,0
1069,2026-03-12 05:32:00,user_35,19,orders,SELECT,138,1,0,0,19,0,0
1080,2026-03-12 17:11:00,user_35,30,hr_data,SELECT,82,0,0,0,16,0,0
1055,2026-03-13 05:30:00,user_35,5,hr_data,SELECT,75,1,0,0,12,0,0
1074,2026-03-13 11:30:00,user_35,24,transactions,SELECT,117,0,1,0,21,0,0
1063,2026-03-13 20:34:00,user_35,13,orders,INSERT,12,1,0,0,10,0,0
1065,2026-03-14 05:00:00,user_35,15,orders,SELECT,12,1,0,0,15,0,0
1070,2026-03-14 23:02:00,user_35,20,customers,SELECT,96,1,0,0,10,0,0
1073,2026-03-15 07:53:00,user_35,23,transactions,SELECT,51,1,1,0,14,0,0
1083,2026-03-01 15:53:00,user_36,3,customers,SELECT,144,0,0,0,4,0,0
1081,2026-03-02 15:36:00,user_36,1,orders,SELECT,66,0,0,0,9,0,0
1094,2026-03-02 17:38:00,user_36,14,orders,SELECT,128,0,0,0,1,0,0
1085,2026-03-03 12:18:00,user_36,5,inventory,INSERT,32,0,0,0,3,0,0
1095,2026-03-03 19:39:00,user_36,15,customers,SELECT,136,0,0,0,8,0,0
1107,2026-03-03 21:19:00,user_36,27,customers,SELECT,432,1,1,1,36,1,1
1089,2026-03-03 22:40:00,user_36,9,customers,SELECT,582,1,1,0,62,1,1
1090,2026-03-04 02:20:00,user_36,10,orders,SELECT,161,1,0,0,2,0,0
1106,2026-03-04 21:10:00,user_36,26,finance,SELECT,127,1,1,0,13,0,0
1082,2026-03-05 12:10:00,user_36,2,customers,UPDATE,131,0,0,0,1,0,0
1088,2026-03-05 21:31:00,user_36,8,orders,SELECT,148,1,0,0,7,0,0
1104,2026-03-06 19:24:00,user_36,24,orders,SELECT,133,0,0,0,7,0,0
1102,2026-03-07 08:49:00,user_36,22,inventory,SELECT,134,0,0,0,8,0,0
1086,2026-03-08 11:27:00,user_36,6,hr_data,SELECT,1,0,0,0,4,0,0
1093,2026-03-09 01:49:00,user_36,13,hr_data,INSERT,66,1,0,0,2,0,0
1096,2026-03-09 06:40:00,user_36,16,transactions,SELECT,118,1,1,0,3,0,0
1092,2026-03-09 19:49:00,user_36,12,salary,SELECT,120,0,1,0,1,0,0
1097,2026-03-09 23:18:00,user_36,17,orders,SELECT,60,1,0,0,9,0,0
1105,2026-03-10 04:37:00,user_36,25,customers,SELECT,133,1,0,0,12,0,0
1084,2026-03-11 10:54:00,user_36,4,customers,INSERT,77,0,0,0,3,0,0
1100,2026-03-12 00:48:00,user_36,20,orders,UPDATE,56,1,0,0,13,0,0
1098,2026-03-12 10:02:00,user_36,18,salary,SELECT,123,0,1,0,10,0,0
1099,2026-03-12 12:39:00,user_36,19,customers,SELECT,87,0,0,0,8,0,0
1103,2026-03-12 21:19:00,user_36,23,orders,SELECT,672,1,1,0,64,1,1
1087,2026-03-13 21:08:00,user_36,7,inventory,SELECT,125,1,0,0,1,0,0
1101,2026-03-13 23:50:00,user_36,21,customers,SELECT,126,1,0,0,1,0,0
1091,2026-03-14 14:20:00,user_36,11,salary,SELECT,98,0,1,0,4,0,0
1111,2026-03-01 16:08:00,user_37,4,hr_data,SELECT,49,0,0,0,1,0,0
1126,2026-03-01 17:54:00,user_37,19,inventory,INSERT,72,0,0,0,10,0,0
1114,2026-03-02 07:12:00,user_37,7,salary,UPDATE,521,1,1,0,58,1,1
1112,2026-03-03 04:40:00,user_37,5,inventory,SELECT,57,1,0,0,6,0,0
1115,2026-03-03 14:02:00,user_37,8,customers,SELECT,70,0,0,0,11,0,0
1119,2026-03-03 17:51:00,user_37,12,customers,SELECT,72,0,0,0,1,0,0
1130,2026-03-04 12:35:00,user_37,23,orders,UPDATE,66,0,0,0,10,0,0
1133,2026-03-05 07:25:00,user_37,26,inventory,UPDATE,54,1,0,0,5,0,0
1117,2026-03-05 10:42:00,user_37,10,inventory,SELECT,5,0,0,0,12,0,0
1116,2026-03-05 18:28:00,user_37,9,inventory,SELECT,36,0,0,0,8,0,0
1132,2026-03-06 07:44:00,user_37,25,salary,SELECT,9,1,1,0,14,0,0
1110,2026-03-07 04:46:00,user_37,3,customers,SELECT,53,1,0,0,1,0,0
1131,2026-03-07 04:56:00,user_37,24,transactions,SELECT,67,1,1,0,4,0,0
1128,2026-03-07 15:42:00,user_37,21,hr_data,SELECT,31,0,0,0,13,0,0
1127,2026-03-08 05:01:00,user_37,20,hr_data,SELECT,117,1,0,0,5,0,0
1123,2026-03-08 17:38:00,user_37,16,finance,SELECT,55,0,1,0,8,0,0
1120,2026-03-09 01:19:00,user_37,13,finance,SELECT,67,1,1,0,8,0,0
1121,2026-03-09 09:24:00,user_37,14,hr_data,SELECT,76,0,0,0,8,0,0
1122,2026-03-09 20:00:00,user_37,15,orders,SELECT,86,1,0,0,3,0,0
1109,2026-03-10 05:13:00,user_37,2,finance,SELECT,73,1,1,0,4,0,0
1113,2026-03-10 20:09:00,user_37,6,transactions,SELECT,572,1,1,0,58,1,1
1125,2026-03-11 13:23:00,user_37,18,hr_data,SELECT,591,1,1,1,63,1,1
1108,2026-03-12 10:04:00,user_37,1,customers,SELECT,85,0,0,0,2,0,0
1124,2026-03-13 21:30:00,user_37,17,hr_data,SELECT,104,1,0,0,3,0,0
1129,2026-03-14 09:10:00,user_37,22,customers,SELECT,64,0,0,0,6,0,0
1118,2026-03-14 11:52:00,user_37,11,orders,SELECT,26,0,0,0,6,0,0
1157,2026-03-01 19:02:00,user_38,24,orders,DELETE,31,0,0,0,7,0,0
1149,2026-03-01 22:13:00,user_38,16,salary,SELECT,53,1,1,0,22,0,0
1168,2026-03-02 01:05:00,user_38,35,hr_data,DELETE,64,1,0,0,9,0,0
1143,2026-03-02 11:55:00,user_38,10,inventory,SELECT,161,0,0,0,11,0,0
1140,2026-03-02 12:35:00,user_38,7,finance,INSERT,133,0,1,0,13,0,0
1135,2026-03-02 15:32:00,user_38,2,hr_data,SELECT,52,0,0,0,18,0,0
1167,2026-03-02 18:51:00,user_38,34,finance,UPDATE,16,0,1,0,10,0,0
1152,2026-03-03 07:51:00,user_38,19,customers,SELECT,36,1,0,0,18,0,0
1161,2026-03-03 19:55:00,user_38,28,customers,UPDATE,157,0,0,0,11,0,0
1153,2026-03-04 17:39:00,user_38,20,transactions,UPDATE,413,1,1,0,44,1,1
1155,2026-03-06 04:42:00,user_38,22,customers,SELECT,51,1,0,0,13,0,0
1137,2026-03-06 12:49:00,user_38,4,salary,UPDATE,44,0,1,0,12,0,0
1162,2026-03-06 15:14:00,user_38,29,hr_data,SELECT,13,0,0,0,9,0,0
1151,2026-03-06 16:30:00,user_38,18,customers,SELECT,58,0,0,0,13,0,0
1158,2026-03-07 04:30:00,user_38,25,customers,SELECT,64,1,0,0,17,0,0
1159,2026-03-07 13:09:00,user_38,26,customers,SELECT,697,1,1,0,67,1,1
1160,2026-03-07 13:10:00,user_38,27,finance,DELETE,86,0,1,0,14,0,0
1134,2026-03-08 05:03:00,user_38,1,customers,UPDATE,121,1,0,0,4,0,0
1166,2026-03-08 06:06:00,user_38,33,customers,INSERT,76,1,0,0,10,0,0
1163,2026-03-08 13:16:00,user_38,30,inventory,SELECT,503,1,1,0,57,1,1
1147,2026-03-08 17:37:00,user_38,14,finance,SELECT,723,1,1,1,52,1,1
1165,2026-03-08 23:10:00,user_38,32,inventory,SELECT,660,1,1,0,47,1,1
1148,2026-03-09 16:29:00,user_38,15,orders,SELECT,127,0,0,0,16,0,0
1138,2026-03-10 01:53:00,user_38,5,customers,SELECT,79,1,0,0,9,0,0
1142,2026-03-10 08:21:00,user_38,9,customers,SELECT,59,0,0,0,15,0,0
1136,2026-03-11 06:11:00,user_38,3,orders,UPDATE,130,1,0,0,10,0,0
1144,2026-03-11 06:17:00,user_38,11,salary,SELECT,872,1,1,0,37,1,1
1150,2026-03-11 10:30:00,user_38,17,finance,SELECT,89,0,1,0,21,0,0
1154,2026-03-11 14:47:00,user_38,21,inventory,SELECT,79,0,0,1,10,0,0
1164,2026-03-11 19:07:00,user_38,31,inventory,SELECT,842,1,1,1,44,1,1
1156,2026-03-12 08:47:00,user_38,23,finance,INSERT,28,0,1,0,14,0,0
1145,2026-03-12 11:26:00,user_38,12,orders,SELECT,110,0,0,0,15,0,0
1146,2026-03-13 07:18:00,user_38,13,customers,SELECT,140,1,0,0,13,0,0
1139,2026-03-14 05:31:00,user_38,6,customers,SELECT,108,1,0,0,17,0,0
1141,2026-03-14 22:01:00,user_38,8,inventory,SELECT,55,1,0,0,7,0,0
1186,2026-03-01 17:11:00,user_39,18,hr_data,INSERT,127,0,0,0,6,0,0
1178,2026-03-02 01:06:00,user_39,10,salary,UPDATE,92,1,1,0,5,0,0
1192,2026-03-02 06:01:00,user_39,24,inventory,SELECT,162,1,0,0,18,0,0
1194,2026-03-02 06:26:00,user_39,26,inventory,SELECT,109,1,0,0,5,0,0
1193,2026-03-02 08:09:00,user_39,25,transactions,SELECT,122,0,1,0,11,0,0
1195,2026-03-02 11:55:00,user_39,27,customers,SELECT,85,0,0,0,14,0,0
1197,2026-03-02 14:47:00,user_39,29,finance,DELETE,45,0,1,0,11,0,0
1177,2026-03-04 01:39:00,user_39,9,customers,UPDATE,132,1,0,0,11,0,0
1169,2026-03-04 11:57:00,user_39,1,customers,SELECT,120,0,0,0,16,0,0
1185,2026-03-05 02:26:00,user_39,17,customers,SELECT,152,1,0,0,13,0,0
1202,2026-03-05 02:33:00,user_39,34,salary,SELECT,760,1,1,0,65,1,1
1201,2026-03-05 23:16:00,user_39,33,transactions,SELECT,70,1,1,0,4,0,0
1187,2026-03-05 23:46:00,user_39,19,salary,SELECT,60,1,1,0,10,0,0
1182,2026-03-06 15:06:00,user_39,14,finance,SELECT,121,0,1,0,10,0,0
1181,2026-03-07 10:44:00,user_39,13,finance,SELECT,146,0,1,0,13,0,0
1180,2026-03-07 14:31:00,user_39,12,customers,SELECT,326,1,1,1,64,1,1
1196,2026-03-07 21:08:00,user_39,28,inventory,SELECT,99,1,0,0,10,0,0
1174,2026-03-08 09:45:00,user_39,6,finance,UPDATE,109,0,1,0,12,0,0
1172,2026-03-08 20:50:00,user_39,4,orders,SELECT,122,1,0,0,7,0,0
1203,2026-03-09 15:12:00,user_39,35,customers,SELECT,71,0,0,0,5,0,0
1184,2026-03-09 21:13:00,user_39,16,customers,SELECT,57,1,0,0,12,0,0
1179,2026-03-10 17:35:00,user_39,11,orders,SELECT,117,0,0,0,12,0,0
1175,2026-03-11 03:52:00,user_39,7,hr_data,INSERT,79,1,0,0,9,0,0
1188,2026-03-11 08:54:00,user_39,20,transactions,SELECT,86,0,1,0,5,0,0
1200,2026-03-11 15:14:00,user_39,32,customers,SELECT,106,0,0,0,13,0,0
1198,2026-03-11 15:41:00,user_39,30,customers,SELECT,137,0,0,0,2,0,0
1189,2026-03-11 18:52:00,user_39,21,transactions,SELECT,113,0,1,0,1,0,0
1183,2026-03-12 05:17:00,user_39,15,customers,UPDATE,55,1,0,0,13,0,0
1176,2026-03-14 05:28:00,user_39,8,hr_data,SELECT,58,1,0,0,17,0,0
1171,2026-03-14 09:52:00,user_39,3,customers,INSERT,120,0,0,0,13,0,0
1173,2026-03-14 14:19:00,user_39,5,inventory,UPDATE,118,0,0,0,1,0,0
1199,2026-03-14 16:43:00,user_39,31,hr_data,SELECT,723,1,1,0,45,1,1
1190,2026-03-15 05:00:00,user_39,22,salary,SELECT,141,1,1,0,9,0,0
1191,2026-03-15 06:57:00,user_39,23,hr_data,SELECT,77,1,0,0,11,0,0
1170,2026-03-15 07:28:00,user_39,2,transactions,SELECT,101,1,1,0,7,0,0
1210,2026-03-01 12:08:00,user_40,7,finance,SELECT,169,0,1,0,5,0,0
1212,2026-03-01 12:35:00,user_40,9,customers,SELECT,91,0,0,0,20,0,0
1219,2026-03-02 04:34:00,user_40,16,customers,SELECT,147,1,0,0,17,0,0
1216,2026-03-02 11:46:00,user_40,13,customers,INSERT,198,0,0,0,20,0,0
1214,2026-03-02 15:04:00,user_40,11,finance,SELECT,60,0,1,0,9,0,0
1221,2026-03-02 20:27:00,user_40,18,orders,SELECT,188,1,0,0,8,0,0
1229,2026-03-04 01:33:00,user_40,26,customers,SELECT,512,1,1,0,64,1,1
1206,2026-03-04 15:58:00,user_40,3,customers,SELECT,142,0,0,0,11,0,0
1208,2026-03-05 11:41:00,user_40,5,customers,SELECT,140,0,0,0,15,0,0
1223,2026-03-06 03:10:00,user_40,20,finance,SELECT,127,1,1,0,12,0,0
1209,2026-03-07 03:13:00,user_40,6,customers,SELECT,130,1,0,0,12,0,0
1222,2026-03-07 14:52:00,user_40,19,orders,SELECT,60,0,0,0,13,0,0
1217,2026-03-07 20:18:00,user_40,14,finance,SELECT,167,1,1,0,11,0,0
1225,2026-03-07 21:50:00,user_40,22,orders,UPDATE,154,1,0,0,22,0,0
1207,2026-03-08 10:02:00,user_40,4,salary,INSERT,105,0,1,0,20,0,0
1205,2026-03-09 00:03:00,user_40,2,inventory,SELECT,71,1,0,1,7,0,0
1204,2026-03-09 23:48:00,user_40,1,inventory,SELECT,126,1,0,0,14,0,0
1220,2026-03-09 23:57:00,user_40,17,transactions,SELECT,86,1,1,0,13,0,0
1230,2026-03-10 19:26:00,user_40,27,orders,SELECT,95,0,0,0,11,0,0
1211,2026-03-12 04:48:00,user_40,8,inventory,SELECT,130,1,0,0,14,0,0
1227,2026-03-13 04:49:00,user_40,24,salary,SELECT,133,1,1,0,18,0,0
1224,2026-03-13 09:52:00,user_40,21,hr_data,SELECT,121,0,0,0,8,0,0
1213,2026-03-14 01:29:00,user_40,10,transactions,SELECT,172,1,1,0,9,0,0
1218,2026-03-14 04:01:00,user_40,15,customers,SELECT,155,1,0,0,9,0,0
1226,2026-03-14 11:06:00,user_40,23,hr_data,SELECT,876,1,1,0,56,1,1
1215,2026-03-14 12:42:00,user_40,12,transactions,SELECT,83,0,1,0,15,0,0
1228,2026-03-15 05:49:00,user_40,25,customers,SELECT,168,1,0,0,15,0,0
